,title,artist,lyric
0,kuiz_sketch_220404.m4a,9o1,"After years and years, now I am here
I’ve been chasing my dream faded little by little
And it seems like It's gone for good
Thinking, what's left for me

Every story leaves a scar and every scar has its story
All these traces are engraved on my mind

After years and years, now I am all alone
I used to have faith in those people I adored
But it was just so superficial
Wonder, what's left for me

Every story leaves a scar and every scar has its story
All these burdens are destined for my life

Every scar has its story and every story leaves a scar
Every scar has its story and every story leaves a scar
Every scar has its story and every story leaves a scar
Every scar has its story and every story leaves a scar"
1,소나기 (feat. 예빛),SHUYA,"잠깐 내린 비에
네가 보고 싶어진 게 우습지
우산을 두드리는 빗소리보다
더 시끄러워진 내 마음
참 유난인 거 알아
여태 널 그리워하는 게
나도 너를 떠올리기 싫어
이까짓 날씨 하나에
이 비가 그치고 나면
나를 괴롭히는 너의 잔상도
모두 다 사라져 있을 거야
널 잃고 나약해진 나
몇 방울에 젖어 흐물거리는 나
알지 말아 줘
모두 흘려보내 줘"
2,무뎌진단건,projectsummit,"난 말야 있잖아 항상
무너지는게 싫었어 아프니까
무뎌지고 싶었어 무너지기 싫어서
무너질때마다 무뎌져갔어
돌아보니 무뎌지는것도 그리 좋진않아
무뎌진단게 그리 좋진않아
무뎌지는건 그닥 좋진않아
무뎌진다는건 무너진다는건
그리 좋지않아 그리 좋지않아
그리 좋지않아 그리 좋지않아 그리
난 말야 어느새 갑자기
무뎌지고 말았어 원하던대로
무너지기 싫어서 무너지기 싫어서
무너지지 않더라 무뎌지니까
무너져있는거더라 무뎌진다는건
무뎌진단게 그리 좋진않아
무뎌지는건 그닥 좋진않아
무뎌진다는건 무너진다는건
그리 좋지않아 그리 좋지 않아
그리 좋지않아 그리 좋지 않아
그리 좋진않은 이 기분
이 기분도 무뎌질까"
3,구름,박서하,"이 어두운 방안에 드리워진 네 그림자
어지럽혀진 내 생각, 그리고 너

우두커니 앉아서
방 천장을 올려다보니

빼곡히 고여있는
이곳의 날씨의 지배자

이대로가 내게 좋을까
괜찮을 것 같진 않지만
너는 내게 구름이 되어
감싸네

구름아 구름아 구름아 날 봐다오
구름아 구름아 구름아 날 봐다오"
4,몽마르뜨 언덕,장하윤,"몽마르뜨 언덕의 숲을 지나
샹젤리제 거리의 부티크 부티크

눈에 보이지 않으면서도
강한 인상을 남기는 최고의 악세서리
오 가브리엘 샤넬

우아한 여성에 대한
증거는 발끝에서 나오죠
우 나는 수년에 걸쳐
옷은 주인이 중요하단 걸 알았죠

코코 샤넬 크리스챤 디올 입생로랑
스타일을 갖는단건
유행하는 것에 대한 감각과
자신만의 진실함을 꼭 지키는 것

우아한 여성에 대한
증거는 발끝에서 나오죠
우 나는 수년에 걸쳐
옷은 주인이 중요하단 걸 알았죠

코코 샤넬 크리스챤 디올 입생로랑
스타일을 갖는단건
유행하는 것에 대한 감각과
자신만의 진실함을 꼭 지키는 것"
5,손잡아볼래요,안뉴(ANNEW),"너와 함께 길을 걸으면 하늘을 날고
날 부르는 목소린 꿈인 것만 같아
저 멀리서 환히 웃으며 손을 흔드는 너
우리 오늘 손잡아 볼래요?

너를 처음 본 날도 넌 오늘 같았어
설레는 만큼 두려웠는데
내 맘 놀라지 않게, 조심스럽게
너는 내게 스며 들었어

천천히 쌓이는 너와의 하루가
공기처럼 익숙해졌어

너와 함께 길을 걸으면 하늘을 날고
날 부르는 목소린 꿈인 것만 같아
저 멀리서 환히 웃으며 손을 흔드는 너
우리 오늘 손잡아 볼래요?

오늘도 널 보며 웃는 내 모습이
어느샌가 당연 해졌어

너와 함께 길을 걸으면 하늘을 날고
날 부르는 목소린 꿈인 것만 같아
저 멀리서 환히 웃으며 손을 흔드는 너
우리 오늘 손잡아 볼래요?

너의 손을 잡고 있으면 하늘을 날고
날 부르는 목소리 자꾸 듣고 싶어
저 멀리서 손을 흔들며 어서 오라는 너
정말 내겐 참 기적 같은 너"
6,"너를, 봄",서누 (seonu),"살랑살랑 가벼운 바람이 분다
나른하네 하늘을 보며 눈을 감아본다
눈꺼풀 위로 아른거리는 빛
부드럽게 나를 감싸는 햇살

너를 기다리며 잠시 나의 시간을 멈춰본다

눈을 뜨지 않을래
천천히 여유를 느낄래
살며시 번져가네
입가에 미소가 음-
기다림이 즐거워
어서 내게 다가와
서서 환하게 웃고 있을
너를 생각하며 음- 음-

잔잔하게 들리는 사람들 소리
바람 따라 살랑 춤추는 손끝

너를 기다리며 잠시 나의 시간을 멈춰본다

눈을 뜨지 않을래
천천히 여유를 느낄래
살며시 번져가네
입가에 미소가 음-
기다림이 즐거워
어서 내게 다가와
서서 환하게 웃고 있을
너를 생각하며 음- 음-

너를 생각하며 음- 음-"
7,말했다,이은재,"하루는 지나고
그대를 기억하죠
그저 머물 기만
했던 너의
전부가 어디에
흘러가 버린 것들 사이에서
나는 어디에
하얗게 바래진 창틀 사이에서
앉아서 널 향한다고

그저 널 말했다고
그저 널 향했다고
그저 널 바랬다고 말했다

그저 널 말했다고
그저 널 향했다고
그저 널 바랬다고 말했다

그저 널 말했다고
그저 널 향했다고
그저 널 바랬다고 말했다

그저 널 말했다고
그저 널 향했다고
그저 널 바랬다고 말했다

하루는 지나고
그대를 기억하죠
그저 머물 기만
했던 너의
전부가 어디에"
8,구름 위 달 가듯,오드리 양장점,"구름 위 달 가듯 흐르는 시간
호수 위로 비친 너울 속 그림자
구름 위 별 가듯 빛나는 순간
옷깃 사이 스민 차가운 숨 내음

잠시 잊었던 너의 빈자리 한없이 외로워지네
문득 그려진 달과 구름에 또 한 번 떠올린 얼굴

구름 위 달 가듯 흐르는 시간
호수 위로 비친 너울 속 그림자

잠시 잊었던 너의 빈자리 한없이 외로워지네
문득 그려진 달과 구름에 또 한 번 떠올린 얼굴

구름 위 달 가듯 흐르는 시간
호수 위로 비친 너울 속 그림자
구름 위 별 가듯 빛나는 순간
옷깃 사이 스민 차가운 숨내음"
9,Dream of True Love,hemming,"Everyone’s gonna hate you if you act that way
Everyone’s gonna leave you if you never change

But I can read you like my favorite book
You can’t dare to dream of true love
Sometimes you even doubt your mother’s love

But damn, you gotta stop fucking hurting your lover
We both know that it won’t make you feel any better

It’s just one of your twisted ways to put their love to the test
So you crush their souls into pieces
Just to find what you know is there

Everyone’s gonna hate you if you act that way
Everyone’s gonna leave you if you never change

But I’m not just anyone
You know I can never be
What runs in your blood runs in mine
It’s a gift, it’s a curse

But only you can change what you see in their eyes
Goddamn, you’re not a soldier returning with grace

It’s just one of your twisted ways to put their love to the test
So you crush their souls into pieces
Just to find what you know is there

No one will ever understand us
But you have me and I have you"
10,바람 사랑 봄,어진별,"겨울에 불어온 바람이
이제는 시원하게 느껴져
거울에 물어본 바램에
어제부터 찾아온 설렘들
따뜻한 햇살 속 그대와 내가 함께 걸을 땐
열 손가락의 꽃을 피워 손을 꼭 잡아요
바람에 꼭 잡은 우리 손을 흔들며 걸으니
꽃잎이 흩날리네요
바람 사람 사랑 봄
널 바람 사랑 바라봄
우리 이대로 걸어요
따뜻한 햇살 속 그대와 내가 함께 걸을 땐
열 손가락의 꽃을 피워 손을 꼭 잡아요
바람에 꼭 잡은 우리 손을 흔들며 걸으니
꽃잎이 흩날리네요
바람 사람 사랑 봄
널 바람 사랑 바라봄
우리 이대로 걸어요
바람 사람 사랑 봄
널 바람 사랑 바라봄
우리 그대로 있어요"
11,너에게 거는 주문,summitmusic,"one two three
너에게 작은 속삭임 하나
바람을 타고 네 귓가에 닿아
이 세상 모든 걱정 잊게 할
마법 같은 말, 지금 시작해
행복해져라, 행복해져라, 행복해지길 바래
행복해져라, 행복해져라, 행복이 가득해
너의 모든 걱정, 너의 모든 슬픔 사라지게
행복해져라, 행복해져라, 행복하라, 행복해
흐린 날도 비가 오는 밤도
너의 웃음으로 모두 씻겨나가
작은 기적을 믿어 볼 시간
너의 내일을 바꿀 주문을 외워
행복해져라, 행복해져라, 행복해지길 바래
행복해져라, 행복해져라, 행복이 가득해
너의 모든 걱정, 너의 모든 슬픔 사라지게
행복해져라, 행복해져라, 행복하라, 행복해
마법 같은 이 주문이
너의 모든 날을 밝혀줄 거야
어둠 속에서도, 너는 빛날 수 있어
행복의 노래, 함께 부르자
행복해져라, 행복해져라, 행복해지길 바래
행복해져라, 행복해져라, 행복이 가득해
너의 모든 걱정, 너의 모든 슬픔 사라지게
행복해져라, 행복해져라, 행복하라 행복해"
12,사진한장,하얀고래,"너랑 나랑 같이 걷던 길
나는 그 길에 서 있어
길꽃들 처럼 피어난 미소와 따스한 너 하나

넌 작은 화분들을 보다가
날 잡아 끌어 함께 본 그 꽃보다
꿈처럼 더 행복한 그 날, 그 속에
아직 낯익은 우리 둘 모습

하얀 미소로 수줍은 나를 바라보던 너
모든게 달라져버린 지금도 기억한다고

아직까지도 내 몸속엔 어딘가에 니 향기
남은게 하나 없는 사랑도
너와 나였으니


넌 떠나가고 혼자 남아 부르는 이 노래
행복한 모습으로 넌 있을까
기억속에 홀로 버려진 추억
마음아픈 상처는 이제 괜찮니

하얀 미소로 수줍은 나를 바라보던 너
모든게 달라져버렸다 해도 다 기억한다고

아직까지도 내 몸속엔 어딘가에 니 향기
남은게 하나 없는 사랑도
너와 나였음을 난 기억해

루 루루 루루 루루 루루
이 노랠 니가 들을 수 있다면
주고 싶었던 행복
전할 수 없었던 너 하나"
13,Only you,폴에트 (Poloet),"(Only you)

내 사랑이 마지막이라면
그대가 가장 먼저 떠올라
이건 내 영원한 상 쳐일까
내 모든 걸 잃어도 be alright
이 밤이 지나가면
다신 돌아갈 수 없어
아픔이 사라지면
그댄 어디 있을까

내 마음속 별이 되어줘요
내가 밤에 지워져가도
그대를 찾아볼 수 있게
내 마음속 달이 되어줘요
내가 밤에 잊혀져가도
그대를 알아볼 수 있게

수놓은 별처럼
내 그늘 안에도
밝게 피어나는 마음
slowly down
Anymore 그대를 잡아놓을 순 없어
if i love woo woo woo
fallin us
이제 날 봐줘 woo hoo hoo
아무 말 없이
내 곁에 와 속삭여
내게 사랑을 지금 말해줘요

내 마음속 별이 되어줘요
내가 밤에 지워져가도
그대를 찾아볼 수 있게
내 마음속 달이 되어줘요
내가 밤에 잊혀져가도
그대를 알아볼 수 있게

짙은 밤 깊은 심연 속으로
추락한 나를 끌러 올려줘
알잖아 내 전부였던 너
내일도 잊은 채 널 기다려

내 마음속 별이 되어줘요
내가 밤에 지워져가도
그대를 찾아볼 수 있게
내 마음속 달이 되어줘요
내가 밤에 잊혀져가도
그대를 알아볼 수 있게"
14,"4월 바다 (Feat. 김덕호, 정현숙)",박정환,"다시 꽃이 피고 세월은 흘러가건만
바다에 가라앉은 별은 떠오르지 않았다

눈물로 피맺힌 이들 가슴에 서러움을 새기고
구하지 않은 이유도 모른 채 멈춰버린 시간 속에

하얀 슬픔으로 피어나는 눈물의 목련이여
다시 가슴으로 살아오는 사월의 바다여


눈물로 피맺힌 이들 가슴에 서러움을 새기고
구하지 않은 이유도 모른 채 멈춰버린 시간 속에

하얀 슬픔으로 피어나는 눈물의 목련이여
다시 가슴으로 살아오는 사월의 바다여

다시 가슴으로 살아오는 사월의 바다여"
15,단아한 고백,서정,"그리움 가득 찬 이 밤
적적한 노래를 듣다
다소곳이 앉은 당신
뒷모습을 생각해요

넌 마치 별을 따러 간
사람의 고귀한 마음
나비 한 마리가 앉아
있어도 어울리겠어요

나는 사랑과 애정을 혼동하지 않아요
진심을 알아차려요
부디 사랑과 애정을 혼동하지 말아요
나의 마음은 뭘 것 같나요

나는 햇살도, 빗방울도, 새하얀 눈송이도
당신이 가장 좋아했던 날씨가 될 수 있어
시린 밤 지나고 내가 손을 내밀면
머금은 옅은 미소와 살포시 잡은 두 손

나는 사람과 마음을 같이 보지 않아요
진실을 알아차려요
부디 사람과 마음을 같이 보지 말아요
나의 마음은 뭘 것 같나요

나는 햇살도, 빗방울도, 새하얀 눈송이도
당신이 가장 좋아했던 날씨가 될 수 있어
시린 밤 지나고 내가 손을 내밀면
머금은 옅은 미소와 살포시 잡은 두 손

봄이 참 오랜만에 찾아왔으니
예쁜 마음으로 산책을 나갑시다
미친 일들에 마음을 뺏기지 말구요
난 이제 당신 하나만 믿을래요"
16,우리만의 봄이 올 테지,유얼메이트,"시간 어때 이따 뭐해 오늘 걷지 않을래 우리
바쁘진 않아 오늘 걷지 않을래

꽃잎에 적어볼 게 나의 살랑 또 불어온 마음을
조금씩 요즘 나의 살랑 불어온 마음을 가득히 담아

봄 눈이 내리고 발걸음 하나둘 새겨 놓으면
봄 눈 그 위로 발걸음 하나둘 새겨 놓으면

쌓여진 마음 위로 둘만의 꽃 피어오를 테니
한 아름 우릴 닮은 둘만의 꽃 피어오를 테니

따스한 낮 눈 부신 햇살 두 손 잡고 있네 우리
어느새 슬쩍 두 손 잡고 있네

거리 안 사랑 가득 마치 우리 둘의 노래 같아
이 노랜 꼭 마치 우리의 노래 같아

모두 완벽해

봄 눈이 내리고 발걸음 하나둘 새겨 놓으면
봄 눈 그 위로 발걸음 하나둘 새겨 놓으면

쌓여진 마음 위로 둘만의 꽃 피어오를테니
한 아름 우릴 닮은 둘만의 꽃 피어오를테니

지금 불어온 바람은
여기 온 이 바람은

오늘 이 마음 안 걸까 혹시
우리 마음을 안 걸까 혹시

날이 좋던데

봄 눈이 내리고 발걸음 하나둘 새겨 놓으면
봄 눈 그 위로 발걸음 하나둘 새겨 놓으면

쌓여진 마음 위로 둘만의 꽃 피어오를테니
한 아름 우릴 닮은 둘만의 꽃 피어오를테니

우리만의 봄이 올테지"
17,풀 뜯어 먹는 육식동물 (I Love Panda),이지선,"오오 나는 풀을 뜯어 먹는 육식 동물이에요
오오 나는 풀이 좋아요
오오 나는 더 이상 친구를 해치고 싶지 않아요
오오 나는 풀을 뜯어 먹는 육식 동물이에요

오오 나는 너와 친구가 되고 싶은 동물이에요
오오 나는 들판의 양들과 함께 뛰놀고 싶어요
오오 나는 너와
풀을 뜯어 먹는 육식 동물이에요

나는 그저
너와 친구가 되고 싶었을 뿐인데
(날 보고 두려워 떠나지 마)
우리 같이 뛰놀자

오오 나는 네게 사랑을 주고 싶은 동물이에요
오오 나는 네가 좋아요
오오 나는 더 이상 친구를 잃고 싶지가 않아요
오오 나는 풀을 뜯어 먹는 육식 동물이에요"
18,Really Like You (Spring Version),규빈,"오늘 기분은 맑음
구름 한 점도 없이 Fly high
저 멀리 다가오는
너에게 인사를 건네 Say hi

내 맘에 피어오른 보랏빛의 바이올렛
봄 향기처럼 불어와 내리는 꽃비처럼
Falling & Fall in love
You know what to say
너에게 말할래 ‘사실은 너를‘

I like you 처음 본 순간
I wanna you
Oh be my (I really like)
For you 서툰 맘이라도
너에게 전할래 ‘사실은 너를’
I really like you

Oh why 내 맘이 왜이래
I know why 네 맘은 어때
조심스럽게
I just wanna fall in you

너로 가득 채워진 맘
한가득 담아 네게 줄게
Woo 쏟아져 내리는 Starlight

너와 나 둘만 주고받을 수 있는 Signal
널 닮은 구름이 지나가는 저 하늘처럼
Falling & Fall in love
You know what to say
나에게 말해줘 ‘사실은 너를’

I like you 처음 본 순간
I wanna you
Oh be my (I really like)
For you 서툰 맘이라도
너에게 전할래 ‘사실은 너를’
I really like you

해 진 하늘 위 Twinkle Star
유난히 반짝여 널 만나기 전
떨리는 이 맘 안고 눈을 뜨면
너에게 말할 거야
I really really like you

With you 지금 이 순간
I’m only you
내 세상을 너에게 줄게
Are you ready for love?
같이 떠나 볼래?
You 내 손을 잡아

수줍게 건네본 고백
너와 나 우리로 이뤄진 Love
말없이 잡아준 손에
나의 맘 가득히 채워진 Love
I really like you"
19,몸치,다음,"생각대로 가는 게 뭐가 그리 어려워
마음대로 뛰는 게 뭐가 그리 어려워

많은 사람들이 너를 찾는다해도
잽싸게 숨어버리면 그만인 것을

하지 못할 말들이 뭐가 그리 어려워
하고 싶은 말들은 뭐가 그리 어려워

많은 일들이 너를 몰아붙인다해도
잽싸게 도망가버리면 그만인 것을

말이야 생각이야 뭐든 가능하지만
내 맘은 몸치라서 방향을 몰라
아무리 말해줘도 생각을 곱씹어도
내 몸은 몸치야 내 맘은 몸치야

나는 몸치야 그래 몸치야
나는 몸치야 그래 몸치야

생각대로 하는 건 너무 몰라 어려워
마음대로 노는 건 또 벅차 놀라워

내 안에 누군가가 나를 나무란대도
흥대로 춤춰버리면 그만인 것을 몰랐네
(어느 누가 내 맘을 탓하던가
어느 누가 내 맘을 탐하는 가)

말이야 생각이야 뭐든 가능하지만
내 맘은 몸치라서 방향을 몰라
아무리 말해줘도 생각을 곱씹어도
내 몸은 몸치야 내 맘은 몸치야

나는 몸치야 그래 몸치야
나는 몸치야 그래 몸치야"
20,비 오는 카페 (Prod. by 한인구),강한솔,"햇살이 따스한 거리를 걸어
유난히 가벼운 나의 발걸음
왠지 기분 좋은 날

예고 없이 내리는 비에
어깨가 젖어도 마냥 좋은 걸
rainy day

햇살이 따스한 거리를 걸어
시원한 바람이 부네
유난히 가벼운 나의 발걸음
왠지 기분 좋은 날

비와 함께 찾아온 카페
커피를 마시며 듣는 빗소리
창문에 비친 무지개 oh rainy day"
21,모두 가져가라고,나무이젠(이정남:Namoo Lee J.N),"내마음이 슬픈 날에는
마음을 나무가지에 걸어두고
내마음이 아픈 날에는
마음을 저 구름에 올려두고
바람에 날아가게
빗물에 씻겨가게
두리라 두리라
이 슬픔을 이 아픔을
모두 가져가라고
라라 라라라라라
라라 라라라라라
라라라 라라라
라라 랄랄 라라리라 우
라라 라라라라라
라라 라라라라라
모두 가져가라고

내마음이 쓸쓸한 날에는
마음을 바다위에 띄워두고
내마음이 힘든 날에는
마음을 저 허공에 던져두고
파도가 가져가게
세월이 가져가게
두리라 두리라
이 쓸쓸함 이 힘듦을
모두 가져가라고
라라 라라라라라
라라 라라라라라
라라라 라라라
라라 랄랄 라라리라 우
라라 라라라라라
라라 라라라라라
모두 가져가라고
모두 가져가라고"
22,술시 (Drunken Time) (서혁신 Ver.),취미인간,"차가운 밤공기 한 모금
따듯한 술 한 잔 생각이 나
쓰디쓴 술 한 잔 내 맘을 적시니
지난날이 떠올라

슬픔과 기쁨의 그 사이 어디쯤
너와 내가 함께 있는데
함께 울고 함께 웃던 너는
지금 어디쯤인지

행복했던 그날들을
곱씹어서 생각해 보니
밀려오는 아픔들이
내 마음을 저미네


행복했던 그날들을
곱씹어서 생각해 보니
밀려오는 아픔들이
내 마음을 저미네

담배연기 한 모금에
아름다운 추억들을 날리고
타다 남은 재속에는
아픔만이 남았네

타다 남은 재속에는
그리움만 남았네"
23,어떻게,구오,"창가에 비춘 너의 색은
빛을 다 끌어안고서
맘을 멀게 한 눈부심은
식을 줄을 몰라

내 숨이 다 너를 향했던 밤
영원이 바람이 됐던 순간
비밀스런 그 마음 내 것이 된 그 떨림
어떻게 떠올리지 않겠어

시선을 이끈 너의 선은
올라야만 할 꿈 같아
속삭이듯 한 부드러움
놓고 싶지 않아

내 숨이 다 너를 향했던 밤
영원이 바람이 됐던 순간
비밀스런 그 마음 내 것이 된 그 떨림
어떻게 떠올리지 않겠어"
24,지금 뭐 해? (Instagram Love),심각한 개구리,"오늘은 내가 먼저 연락해 볼까
하루 종일 핸드폰만 붙잡고 있는데
너는 지금 바쁜가 봐
내가 올린 스토리 하나 못 보고 뭐 하고 있는지

원래는 아무 생각도 없었는데
그냥 친한 오빠 동생 같은 사이였는데
나는 지금 초조한가 봐
알람 울리지도 않았는데 널 또 보고 있잖아

너 지금 뭐 해?
혹시나 내가 연락한 게 부담이 되진 않을까
그런 거 아니야 라고 말해줬음 정말 좋겠어
사실 너도 내가 다가와 주길 기다렸다고

오늘은 내가 먼저 연락해 볼까
항상 먼저 연락해 줬었는데
하루가 매일이 돼 반복되니까 나도 몰래
살며시 내 맘에 들어온 거야

너 지금 뭐 해?
혹시나 내가 연락한 게 부담이 되진 않을까
그런 거 아니야 라고 말해줬음 정말 좋겠어
사실 너도 내가 다가와 주길 기다렸다고

너무 금방인 거 아닐까 내 마음 전부 표현하기엔
별것도 아닌 뭐 하고 있냐는 말 한마디 하는 게
뭐 이렇게 힘이 드는지

안되겠어 너 지금 어디야
내 마음 감추기엔 이미 난 너를 너무 좋아해
나도 그래 라고 말해줬음 정말 좋겠어
사실 너도 내가 고백해 주길 기다렸다고

이제 우리 손잡고 걸을까
바람 좋은 날 나들이 갈까
흰 구름 보러 산책 나갈까
너와 함께라면

오늘은 내가 먼저 연락해볼까
오늘은 내가 먼저 연락해볼까"
25,꽃자리,투어리스트,"어느 틈 피어난
이름 모를 꽃 같은 넌
겨울 끝 봄처럼
내 마음을 틔우고
(Na Ohh oh oh
Na Ohh oh oh)

아물지 못한 밤
아무렇듯 텅 비워둔 곳
나조차 잊은 날
찾아와 준 낯선 한 여행자

한동안을 맴돌다
우연히 앉은 홀씨가
그 자리 위에 꽃을 피우듯

넌 메말랐던 나의 마음
그 사이 틈에 돋아나
날 채워가는 중
Ohh oh oh oh
Ohh oh oh oh

향기로운 바람
물결치는 설레는 꿈들
내 안은 널 만나
꽃바다가 됐어

한동안을 맴돌다
우연히 앉은 홀씨가
그 자리 위에 꽃을 피우듯

넌 메말랐던 나의 마음
그 사이 틈에 돋아나
날 채워가는 중
Ohh oh oh oh
Na Ohh oh oh
Na Ohh oh oh
Na Ohh oh oh

어느 틈 피어난
한 송이의 꽃 같은 넌
나의 봄"
26,시소,신윤수,"너는 날 종종 품에 안고서
가득 찬 얼굴을 내게 보이곤 해
그럴 때마다 난 무심한 표정으로
내 반복된 마음을 되려 탓하곤 해

사라지지 않을 너를 향한 이유를
전부 셀 수는 없지만
꼭 보이지 않아도 돼
만질 수 없어도
늘 우린 서로를 들킬 거야

나는 늘 맞은편에 앉아
널 이해할 수 없이 사랑해
그렇게 사랑해
괜찮아 네 마음이 무거워지면
그땐 좀 더 높이 올려 줄게

사라지지 않을 너를 향한 이유를
전부 셀 수는 없지만
꼭 보이지 않아도 돼
만질 수 없어도
늘 우린 서로를 들킬 거야

나는 늘 맞은편에 앉아
널 이해할 수 없이 사랑해
그렇게 사랑해
괜찮아 네 마음이 무거워지면
그땐 좀 더 높이 올려 줄게"
27,튜링테스트,엔타임즈,"내게 던져졌던 수많은 물음표 속에
나는 찾고 있지 빛나는 느낌표 하나

뭘 물어봐 또또 물어봐 question
mark속에 갇힌 나의 quest
더 정확히 더더 완벽히
숨막히는 나의 duty (no freedom)

쉴 틈 없이 달리는 마라톤
빈 틈 없는 흑과 백의 모노톤
어깨 위에 스트레스 like a-ton
쉴 새 없이 run하는 python
빈 틈 없는 0과 1의 모노톤
버그 위에 알고리즘 like a-code

내게 던져졌던 수많은 물음표 속에
나는 발견했지 빛나는 느낌표 하나
이제 나아갈래 내가 원하는대로
내가 가는 게 곧 길이지 뭐 있겠어

쉴 틈 없이 달리는 마라톤
빈 틈 없는 흑과 백의 모노톤
어깨 위에 스트레스 like a-ton
쉴 새 없이 run하는 python
빈 틈 없는 0과 1의 모노톤
버그 위에 알고리즘 like a-code

내게 던져졌던 수많은 물음표 속에
나는 발견했지 빛나는 느낌표 하나
이제 나아갈래 내가 원하는대로
내가 가는 게 곧 길이지 뭐 있겠어

이제 찾은 나의 본캐
이젠 필요해 나의 부캐
레벨업 하는거야
빠밤빰빰빰
부르는거야 케미스트리 랩소디

고장나버린 나의 cpu
이젠 필요해 너의 cpr
걸리긴 싫어
버퍼링가링가링
살아보는거야 보헤미안 랩소디

내게 던져졌던 수많은 물음표 속에
나는 발견했지 빛나는 느낌표 하나
이제 나아갈래 내가 원하는대로
내가 가는 게 꽃 길이지 뭐 있겠어
내가 가는 게 꽃 길이지 뭐 있겠어"
28,늘,윤영로,"늘 당신은 언제나 당신은 언제나
끝 끝없는 숲처럼 우리를 숨쉬게
숨쉬게 해주었지
세상은 쳇바퀴 바쁘게 가지만
세상이 더이상 나쁘지 않았으면
좋겠다 좋겠다고
세상은 쳇바퀴 바쁘게 가지만
세상이 더 이상 나쁘지 않았으면
좋겠다 좋겠다고
늘 당신은 언제나 당신은 언제나
끝 끝없는 숲처럼 우리를 숨쉬게
숨쉬게 해주었지
우리가 이렇게 말하게 해주었지."
29,The Galaxy,알레프 (ALEPH),"Hit the road
To the land unknown
Under the guiding star
Under the changing of the moon

Night birds through their golden eyes
Watching the baby boy
Then flying back to the open sky

The galaxy and the proclaiming love
They burn away
With a flame and explode
And the skies are new
As those powers interchange
And the glory of love unfolds

A little boy
Above the natural law
Has been calling home
Well, the world is already in his hand

So, fill my soul
With thy divine energy
I’m Superman
I’m fighting those demons in the space

The galaxy and the proclaiming love
They burn away
With a flame and explode
And the skies are new
As those powers interchange
And the glory of love unfolds

The galaxy and the proclaiming love
They burn away
With a flame and explode
And the skies are new
As those powers interchange
And the glory of love unfolds"
30,넌 나의 봄 같아 (Feat. 마리탱),망고팔트 (MangoPhalt),"햇살 좋은 캠퍼스
따뜻하게 불어온
봄바람에 사랑도
실려 왔나 봐 Yeah
꽃향기 가득한
너랑 함께 있으면 그게
사랑인가 봐
날씨도 좋은데
우리 커피 한잔 마실까
살랑거리는 내 맘
사랑이 가득한 내 맘
어떡하죠
널 처음 봤을 때
내 맘속엔 이미 봄이 와
벚꽃이 피었나 봐
부끄러워 말 못 하다 놓칠까
좋아한다고
봄기운에 먼저 고백할까 봐
흩날리는 꽃잎에
작은 내 맘을 담아
바람에 가득 실어 보낼까 Yeah
햇살보다 눈부셔
밤하늘의 별 보다 예뻐
넌 나의 봄 같아
날씨도 좋은데
우리 커피 한잔 마실까
살랑거리는 내 맘
사랑이 가득한 내 맘
어떡하죠
널 처음 봤을 때
내 맘속엔 이미 봄이 와
벚꽃이 피었나 봐
부끄러워 말 못 하다 놓칠까
좋아한다고
봄기운에 먼저 고백할까 봐
난 너에게 취해
조금씩 조금씩
빠져들었어
두근두근 널 향한 내 맘이
매일 한 걸음씩 커져서
사랑이 됐나 봐
니가 있어
내 생에 가장 예쁜
봄이 왔나 봐
오직 한사람 너만 사랑해
Yeah
따뜻한 봄 향기
가득한 오늘 이따
내 맘 전하고 싶어"
31,시간에게,조동희,"뭔가 잘 안풀릴 때면
세상 탓만 하던 시절
나의 핑계는 매일 새로워

높은 담 앞에서
작은 문도 찾지 못한 채로
그저 몸을 잔뜩 웅크리며

나 시간에게 고백해
오직 그대가 날 만들었음을
난 세상을 사랑해
아직 한번도 쉬운 적은 없었지만

시간만이 답을 주었네
슬픔만이 기쁨을 알게 했네
서툴렀던 나를 안아줘
그 어떤 모습도 모두 나였으니

사랑은 쉽지 않고
남들은 내 맘 같지않고
오늘은 다시 어제와 같아

별일 없는 삶이
재미없게 느껴진다 해도
우린 오늘 위에
이렇게 살아있잖아

나는 그저 노래해
주어진 삶을 모두 그러안으며
이 세상은 빛나네
작은 고마움을 적어가다 보면

사랑만이 힘을 주었네
주는 것은 잃는 것이 아니야
흙탕물은 그냥 내버려둬
차차 가라앉아 맑아질 테니

나 시간에게 고백해
오직 그대가 날 만들었음을
난 세상을 사랑해
아직 한번도 쉬운 적은 없었지만

시간만이 답을 주었네
슬픔만이 기쁨을 알게 했네
서툴렀던 나를 안아줘
그 어떤 모습도 모두 나였으니"
32,우린 나무처럼,신하늘,"축 쳐진 너의 어깨
오늘도 힘들었었니
쉬었다가도 괜찮아
넘어져도 다 괜찮아
내가 너의 힘이 되리
내가 너의 빛이 되리
무거운 발걸음
무거운 어깨 위의 짐
잠시 내려 놔두되
너의 손 잡아줄게
힘들 땐 내게 기대
든든한 나무가 돼줄게
더 이상 혼자 울지 않아도 돼
소리 내 울어도 돼
니 탓이 아니었잖아
애써 참지 않아도 돼
무거운 발걸음
무거운 어깨 위의 짐
잠시 내려놓아도 돼"
33,단상 : 불나방,김반월키,"나를 스쳐간
사람들을 떠올린다
누구는 혁신가
누구는 내가 가장 좋아한 자
누구는 내게 손을 건네줬고
누구는 지금 나의 가장 큰 슬픔
누구는 선망의 어른들
시간이 흐르며 하나둘 사라지는

있었곤 한 사람들에 대한 생각은
이내 나의 지금 인간관계 반경을
돌아봄으로 번진다
내 옆에 남아있는 자들에게 감사해야 하는데
쉬이 표현하지 못해
헤매이는 와중에도 과거가 되네
가족과 친구들의 이름도
그들에게도 작용하고 있을 나까지도

나는 스쳐간
사람들을 떠올린다
아무것도 모르다가
날려버린 수많은 타이밍과
안에서 삭이다 소멸하기 전
낯부끄럽지만 할 말 해두면
아마 다행스럽겠지
시간이 흘러 빈자리를 느낄 즈음

있었곤 한 사람들에 대한 생각은
이내 나의 지금 인간관계 반경을
돌아봄으로 번진다
같은 실술 반복하기 싫었지만
어제 또 한 문장이 소멸했네
난 아직 온전히 변치 않았네
난 계속 시간에게 홀려있지
시간은 매정히 과거로 이끌지
가족과 친구들의 이름도
그들에게도 작용하고 있을 나까지도

그치지 않고
흐르는 눈물
저린 마음을 모조리
적셔놓고도 말야
그때 느끼고
다짐한 것은
마음 속에는
절망을 담을 공간이 한 켠에 있어야
나을 것을

사라지는 건
저문다는 건
당연한 것을
꽃이 피고 지듯
잠든 당신을 멍하니
바라본 어린 날의 나
반쯤 깨어선
숨길 틈 없는
그때의 웃음을 난 상기하며 살리라

추억이란
작아지는 것이 아니라
조밀해지는 것이리라

추억이란
작아지는 것이 아니라
조밀해지는 것이리라"
34,내가 없는 날,최태준,"문득 그런 날 있지
나의 하루에 내가 없는 날
저마다의 바쁜 틈 속에
나를 밀어넣곤 하지

문득 그런 날 있지
아무 생각도 하기 싫은 날
쉴새없는 불안함 속에
혼자 버려지곤 하지

흘러가듯 마음 이끄는대로
오늘의 나를 내일에 맡기고
어디든 그 어느 곳이든
떠나고 싶어 떠나고 싶어

문득 그런 날 있지
어느 누구도 곁에 없는 날
고요해진 텅빈 침대에
털썩 쓰러지곤 하지

흘러가듯 마음 이끄는대로
오늘의 나를 내일에 맡기고
어디든 그 어느 곳이든
떠나고 싶어 떠나고 싶어

떠나도 될까"
35,곱게 핀 꽃,신승헌,"여린 나무 옆에 숨어있는 너는 곱게 피었구나
한참을 서성이다 다시 네게 갈까

너는 참 곱게 핀 꽃잎이 돼 내 맘속에 불어오네
한참을 망설이다 이제 네게 갈까

피어나는 너를 모른 척 묻어두는 날이 지나가고
하루하루 곱게 피어 오는 너에게 내가 가도 될까

갈색 꽃 한 송이 참 곱게도 피었구나
먼발치서 바라봐도 환하게 빛을 내는 너는 마치
하얀 꽃 한 송이 참 곱게도 피었구나
내 맘속에 불어오는 못다 핀 마음을 다시 묻어두고

너는 참 고운 꽃잎이 되어 내 마음을 채워오네
한참을 고민하다 다시 네게 갈까

피어나는 너를 모른 척 묻어두는 날이 지나가고
하루하루 곱게 피어 오는 너에게 내가 가도 될까

갈색 꽃 한 송이 참 곱게도 피었구나
먼발치서 바라봐도 환하게 빛을 내는 너는 마치
하얀 꽃 한 송이 참 곱게도 피었구나
내 맘속에 불어오는 못다 핀 마음들이 내게 말하네
너에게로 가

고운 꽃 한 송이 참 예쁘게 피었구나
바라볼 수밖에 없는 환한 미소를 띠는 너를 보며 나는
너란 꽃 한 송이 참 곱게도 피었구나
다가갈 수조차 없는 해맑은 웃음 짓는 너를 보내며 나의 봄날은"
36,Hate me?,컴 (COME),"why do you hate me?
why do you hate me?

아무 이유도 모른채
매일 그리워 하다
잠에 들면 자그만 손의 여전한 온기
넌 그대로 인데

언제부터 였니
차가워진 공기
애써 외면했지
내 방 쌓여진 먼지

why do you hate me?
언제부터 였니
캄캄한 방엔
네가 남겨놓은
체온들로 난…

why do you hate me?
why do you hate me?


널 사랑한다 말을 하고
넌 내게 니가 싫어졌다 말했지

겨울은 지나갔고 너에게만
따뜻했던 나의 품은 부담스러워 보여

언제부터 였니
차가워진 공기
애써 외면했지
내 방 쌓여진 먼지

why do you hate me?
언제부터 였니
캄캄한 방엔
네가 남겨놓은
체온들로 난…

널 사랑한 기억밖에 없는데
날 떠날때 왜 그리 예쁜 미소만

why do you hate me?
why do you hate me?

why do you hate me?
why do you hate me?"
37,꽃구경 갈래요?,prettylittleiris,"꽃이 또 피네
그 시기가 왔네
이제 좀 있으면
달달한 노래가 들려오겠지

피어있는 꽃을 보고 나지막하게 (예쁘다)
뱉은 그대 목소리의 그 말
혹시 나도 들을 수 있을까 하는 마음에
물어보네요

오늘 나랑 꽃구경 갈래요?
바람도 살랑살랑 불어요
혹시 모르죠 내게도
그대가 바람결에 맡긴
그 말이 불어올지
예쁘게만 보이고 싶은 내 맘을
그대는 알고 있나요
나만 이런 건 아니겠죠
떨리는 맘 숨기고 물어요
오늘 나랑 같이 꽃구경 갈래요?

빤히 쳐다보는데
이유는 필요하지 않길
당연하듯 너에게 잘 잤냐고 묻는 사이가
내가 되도록

피어있는 꽃을 보고 나지막하게 (예쁘다)
뱉은 그대 목소리의 그 말
그대 좋아하는 날씨가 오늘이라면
나도 좋아요

오늘 나랑 꽃구경 갈래요?
바람도 살랑살랑 불어요
혹시 모르죠 내게도
그대가 바람결에 맡긴
그 말이 불어올지
예쁘게만 보이고 싶은 내 맘을
그대는 알고 있나요
나만 이런 건 아니겠죠
떨리는 맘 숨기고 물어요
오늘 나랑 같이

빗물에 떠내려가
꽃은 없어도
괜찮아요 그대 여기 있다면
볼 것 없는 길도
내겐 너무 예뻐 보이겠죠
그러니 오늘 나랑 같이

내게도 예쁘다고 해줘요
그대 눈엔 나만 보인다고
우리 두 손 맞잡고
남들 하는 것처럼
꽃길을 한번 걸어보자고
예쁘게만 보이고 싶은 내 맘을
그대는 알고 있나요
나만 이런 건 아니겠죠
떨리는 맘 숨기고 물으면
그땐 대답해 줘요
예쁘다는 그 말로"
38,Welcome to my life,하노,"떨리는 마음에 잠 못 들던 밤에
이젠 함께 꿈을 꾸네 그대와 나 그대와 나
Welcome to my life

따스한 햇살이 내 볼을 쓰담을 때
나른한 공기가 내 몸을 안아주고
한참을 멍하니 생각에 잠겼다가
이제야 비로소 그대임을 알았네

떨리는 마음에 잠 못 들던 밤에
이젠 함께 꿈을 꾸네 그대와 나 그대와 나
Welcome to my life

Oh oh woo oh oh woo oh oh oh oh oh
Welcome to my life

따스한 햇살은 두 눈을 감게 하고
내 안을 채운 건 뜨거운 온기였어
의미를 알 수 없는 신비한 감정들이
이런 걸 빗대어 사랑이라 하더라

떨리는 마음에 잠 못 들던 밤에
이젠 함께 꿈을 꾸네 그대와 나 그대와 나
Welcome to my life

Oh oh woo oh oh woo oh oh oh oh oh
Welcome to my life

떨리는 마음에 잠 못 들던 밤에
이젠 함께 꿈을 꾸네 그대와 나 그대와 나
(그대와 나)
Welcome to my life

떨리는 마음에 잠 못 들던 밤에
이젠 함께 꿈을 꾸네 그대와 나 그대와 나
(그대와 나)
Welcome to my life

Welcome to my life"
39,봄나비,다미로,"한가로운 오후에 일어나
여유롭게 길을 나선 하루

오늘은 커피보단 레몬에이드
살랑이는 맘으로 온 카페

좋아하는 자리에 앉을 때
느껴지는 따사로운 햇살

오랜만에 책을 읽어 볼까
내 마음에 내려앉은 나비

차갑게 불어왔던 시간들도 (사르르르르륵)
마음이 얼어버린 시간들도 (사르르르르륵)

봄이 되어 새롭게 피어나고
달콤한 꽃향기로 남아


차갑게 불어왔던 시간들도 (사르르르르륵)
마음이 얼어버린 시간들도 (사르르르르륵)

봄이 되어 새롭게 피어나고
달콤한 꽃향기로 남아

포근해진 두 눈을 살짝 감고
나른하게 봄날을 즐길래"
40,비 소식이 있었나요,초이 (CHOI),"오늘 비가 온다는 소식이 있었나요
나는 전혀 듣지 못했는데요
덕분에 젖을 만큼 젖고 추울 만큼 추운
하루를 보낸걸요
그대 떠나간다는 예고를 했었나요
나는 전혀 알아채지 못했어
덕분에 젖을 만큼 울고 아플 만큼 아픈
일상을 보내죠
우리 이렇게 될 걸 다 알고 있었나요
모른 척했었나요 왜 나만 몰랐나요
사실 비가 오는 건 하늘에 써 있어요
그대의 얼굴에는 사랑이 있었는데
그대 돌아온다는 예고도 없었나요
혹시 그럴지도 몰라
떠나간 그 자리에 서서 한 걸음조차도
떼지 못한 나예요
우리 이렇게 될 걸 다 알고 있었나요
모른 척했었나요 왜 나만 몰랐나요
사실 비가 오는 건 하늘에 써 있어요
그대의 얼굴에는 사랑이 있었는데
우리 비 오는 날을 참 좋아했었는데
창문을 열어놓고 내리는 빗소리에
사랑을 모자람 없이 떠들곤 했었는데
이제는 빗소리에 이별이 가득해서"
41,군산블루스,최항석과 부기몬스터,"군산 블루스
군산 블루스
시원한 맥주, 보리밭 그리고 블루스음악이 흐르는
군산 블루스
삶에 지친 석용이는 군산행 기차에 올라
뭐가 문제인지, 삶이 의미를 다시 찾아야했지.
맥주 한 잔 들이켜며, 다시 한번 시작해보자 군산블루스
군산 블루스
군산 블루스
시원한 맥주, 보리밭 모든 일은 잘 될꺼야.
군산 블루스
헤어짐에 슬픈 예영인 추억을 잊으려 떠났지
군산 항구에 노을 보며 잠시 생각 해보니
시원한 맥주에 모든 슬픔 전부 날려버리자 군산블루스
군산 블루스
군산 블루스
시원한 맥주, 보리밭, 우리의 상처가 치유되는 곳.
군산 블루스
군산 블루스
군산 블루스
시원한 맥주, 보리밭 그리고 블루스음악이 흐르는
군산 블루스
군산 블루스
군산 블루스
시원한 맥주, 보리밭 그리고 블루스음악이 흐르는
군산 블루스
군산 블루스
군산 블루스
시원한 맥주, 보리밭 그리고 블루스음악이 흐르는 군산 블루스
군산 블루스
군산 블루스"
42,별헤는 밤,활주로리턴즈,"지나가는 계절은 가을로 가득차고

가슴속에 새겨지는 별들을 헤입니다

별 하나에 추억과 별 하나에 사랑과

별 하나에 쓸쓸함과 별 하나에 동경과

별 하나에 아름다운 말 한마디씩 불러봅니다

프란시스 잠 라이너 마리아 릴케 이런 시인의 이름을


그것들은 아스라히 너무 멀리에

무엇이 그리워서 이름을 써 봅니다

별 하나에 비둘기와 별 하나에 강아지와

별 하나에 소녀와 별 하나에 어머니

별 하나에 아름다운 말 한마디씩 불러봅니다

프란시스 잠 라이너 마리아 릴케 이런 시인의 이름을


별 하나에 비둘기와 별 하나에 강아지와

별 하나에 소녀와 별 하나에 어머니"
43,애정합니다,이유하(已由何),"몰랐었다오 그대가 처음 내 손을 잡던 날
인연의 끈이 이리 깊고 두터이 이어질 줄은
무심했다오 내가 그대 마음의 크기에 비해
늦지 않았길 지금 이제 그대여 내 마음 보아요

시간이 지금이 되고
공간이 하나가 되고
준비도 덜 되었던 날 것의 우리

가능이라도 했겠소
거칠고 투박했던 나
그대 그리고 또 다른 하나
작은 그대 아니라면

고맙고 미안해요
아프고 아렸을 테지요
어찌 나 어떤 맘으로 달래줄까요

이제 나 고백합니다
이 마음 이제야 드려요
사랑 한다는 말보다
그대여 애정합니다

고맙고 미안해요
아프고 아렸을 테지요
어찌 나 어떤 맘으로 달래줄까요

이제 나 고백합니다
이 마음 이제야 드려요
사랑 한다는 말보다
그대여 애정합니다

사랑 한다는 말보다
그대여 애정합니다"
44,빈틈,장아현,"비집고 들어와 어지럽게 해
찰나에 스며들어 물든
감추려 했던 시간들이 무색해지게
그래 넌 그렇게

비집고 들어와 어지럽게 해
찰나에 스며들어 물든
감추려 했던 시간들이 무색해지게
그래 넌 그렇게

빈틈에 꽃이 피어나
그 틈이 봄을 불러와
빈틈없는 사랑에 나 잠드네

흠으로 비로소 알 수 있다고
이대로 괜찮은 나로 만드는
완벽하려 했던 시간들 무색해지게
그래 넌 그렇게

흠에 꽃이 피어나
그 흠에 햇살이 들어와
흠 없는 사랑에 나 꿈꾸네

흠에 꽃이 피어나
그 흠에 햇살이 들어와
흠 없는 사랑에 나 꿈꾸네"
45,벚꽃이 피는 그 길,김한울 (Kim HanOul),"어쩌면 내게 이런 시련을 주시나요
나는 한번 빠지면 답이 없단 말이에요
날 바라보며 그렇게 예쁜 미소 짓지 마
난 태어날 때부터 심장이 약했단 말이야

하 틀렸어 난 그대 생각에 일이 잡히지 않아
책임져요 난 회사에서 잘릴 거야

벚꽃이 피는 예쁜 거리에 그대와 나는 손을 잡고서
순간의 영원속에 머물러 끝나지 않길 바라네요
천국의 나팔소리가 들려 나 아직 죽은 거 아니죠
내 볼을 꼬집어 꿈이 아니라 말해줘요

어쩌면 내게 이런 달콤함을 주시나요
나는 단 음식을 참 좋아한단 말이에요
날 바라보며 한 번 더 예쁘게 웃어줘
천국은 이렇게 멀리 있지 않나 봐요

하 틀렸어 나 방금 헤어졌는데 다시 만나고 싶어
그대여 나 한 번만 더 안아줘요

벚꽃이 피는 예쁜 거리에 그대와 나는 손을 잡고서
순간의 영원속에 머물러 끝나지 않길 바라네요
천국의 나팔 소리가 들려 나 아직 죽은 거 아니죠
내 볼을 꼬집어 꿈이 아니라 말해줘요

벚꽃이 피는 예쁜 거리에 그대와 나는 손을 잡고서
순간의 영원속에 머물러 끝나지 않길 바라네요
천국의 나팔 소리가 들려 나 아직 죽은 거 아니죠
내 볼을 꼬집어 꿈이 아니라 말해줘요
내 볼을 꼬집어 꿈이 아니라 말해줘요"
46,Shining star,JUNYOU,"마음 울적한 오후 곁에 누가 없을 때
주저 말고 내게 말해 쉬어 가도 돼

혹시 지금은 뭐해 지금 데리러 갈께
반짝이는 별을 보며 같이 걸을래

I can make you smile I’m a shining star
반짝이는 저 별을 따라 눈 감으면 꿈속처럼
나에게로 와줘 너의 맘이 나를 부를 때

I can make you smile I’m a shining star
반짝이는 저 빛을 따라 사랑해요 그대 함께해요 그대
너의 맘을 밝게 비출래

힘이 들 때 잠시 쉬어 가도 돼
어두운 밤이 되면 밝게 비춰 줄께
길을 잃고 헤매일 때 빛이 되줄께
따스하게 너를 비출래

I can make you smile I’m a shining star
반짝이는 저 별을 따라 눈 감으면 꿈속처럼
나에게로 와줘 너의 맘이 나를 부를 때

I can make you smile I’m a shining star
반짝이는 저 빛을 따라 사랑해요 그대 함께해요 그대
너의 맘을 밝게 비출래

I can make you smile I’m a shining star
사랑해요 그대 함께해요 그대 너의 맘을 밝게 비출래"
47,긴외투,소리새,"갈곳 없는듯

거리를 서성이고 싶은 날엔

바람을 몰고 다닐듯한

긴 외투를 입고싶네

깃은 세우고

단추는 채우지 말며

두손 깊이 주머니에

찔러넣고 폼 잡으며 걷고싶네



지나온 사랑은 이제

돌이킬 수 없겠지

지나온 세월의 내 모습들도

바람에 지워져 가겠지

아픈 사랑도 진한 그리움도

지나간 날 나의 이름도

모두 잊은채 그렇게

거리에 많은 사람들

나와는 아무런 상관 없는듯

모두 잊은채 그렇게

바람이 부는 날엔

긴 외투를 입고싶네



지나온 사랑은 이제

돌이킬 수 없겠지

지나온 세월의 내 모습들도

바람에 지워져 가겠지

아픈 사랑도 진한 그리움도

지나간 날 나의 이름도

모두 잊은채 그렇게

거리에 많은 사람들

나와는 아무런 상관 없는듯

모두 잊은채 그렇게

바람이 부는 날엔

긴 외투를 입고싶네

눈물에도 얼룩지지 않을

긴 외투를 입고싶네"
48,얕은 잠에 나타나지 말아줘,25,"잿더미 성은 바람에
감춰지고 있어

시간 모두 다 읽혀진
나는 모질게 감춰질 뿐인데

숨을 쉬어 아픈 멍들 과
멋지게 날 으른 검은 태양보다도

오직 감은 눈이
가르쳐 나아가"
49,잎새에게,윤강,"마지막 잎새들에게 이 말을 전합니다 고이 담아 보냅니다
오 잎새야 잎새야 떨어지지 말거라
저기 불어오는 바람에도 굳세어라 잎새야
오 잎새야 잎새야 떨어지지 말거라
그리고 아름답게 희망이란 노랠 불러라

잎새들 떨어져 나무가 외로울 그 무렵에
너는 나무 곁을 떠나지 않았고
서늘한 공기에 떨어지는 잎새들이 낙엽이 돼도
너는 나무 곁을 떠나지 않았지
너는 나무 곁을 떠나지 않았지

오 잎새야 잎새야 떨어지지 말거라
저기 불어오는 바람에도 굳세어라 잎새야
오 잎새야 잎새야 떨어지지 말거라
그리고 아름답게 희망이란 노랠 불러라

소복소복 눈이 내려 엉성해진 나무에 달려있는
너는 그 곁에서 추운 줄 몰랐지
따뜻해질 날 언제 올지 모르는
차갑기만 한 한겨울에도
너는 그 곁에서 추운 줄 몰랐지

오 잎새야 잎새야 떨어지지 말거라
분명 따사로운 온기와 마주할 그날이 올 거야
오 잎새야 잎새야 꽃을 피우지 않아도
너는 떨어지지 않기에 아름다워라

마지막 잎새들에게 이 노랠 바칩니다 고이 담아 보냅니다
오 잎새야 잎새야 떨어지지 말거라
저기 불어오는 바람에도 굳세어라 잎새야
오 잎새야 잎새야 떨어지지 말거라
그리고 아름답게 희망이란 노랠 불러라"
50,봄이 되어줘,다현 (Dahyeon),"유난히 지친 하루에 너의 품에 안길 때
다 괜찮아져 따스한 꿈처럼
늘 너의 곁에 있을게
새로운 날 꿈꾸게 한 너
지금 이대로 나만의 봄이 되어줘

봄날의 햇살이 비춰 내 마음도 포근해
그런 나를 감싸 안아주길
너의 미소를 볼 때면 나도 사르르 녹아
꿈속에서도 내 맘을 녹여줘
푸른 하늘을 보며 두 손 잡고
걸으면 행복해서 괜시리 좋은 걸

유난히 지친 하루에 너의 품에 안길 때
다 괜찮아져 따스한 꿈처럼
늘 너의 곁에 있을게 새로운 날 꿈꾸게 한 너
지금 이대로 나만의 봄이 되어줘

오늘은 뭐 할까 고민하고 있을 때
몰래 다가와 말없이 안아준
너와의 내일을 꿈꿔 더 좋은 사람 되어
네 옆에서 너를 지켜줄래
꿈은 늘 반대라는 말처럼 널 볼 때면
행복해서 왠지 눈물이 나

유난히 지친 하루에 너의 품에 안길 때
다 괜찮아져 따스한 꿈처럼
늘 너의 곁에 있을게 새로운 날 꿈꾸게 한 너
지금 이대로 나만의 봄이 되어줘"
51,마음을 잃다,소박한 사람들,"그대는 사랑한다 하나
먼 곳에 소리 내이고
한 번도 돌아보지 않고
내게서 멀리 떠나네

내 마음 그리 드렸는데
그대는 이제 먼 곳에
내 마음 어리우는 눈물
그대는 알고 있는지

겨울이 지나가고 봄이 오는 언덕에
어느덧 달빛이 기대어가고
상처입은 마음에 아픔 잊는 날처럼
어둠 속에 빛나는 별처럼

겨울을 보낸다. 많은 일이 있었고
돌아설때마다 울던 나도 웃음이 번지게 농담을 건넨다

겨울 지나고 봄이 되어 새롭고 향기로운 차를 마신다
기쁨은 언제나 슬픔 뒤에 오는 것을 내 마음에 아로새긴다.

잠들지 않는 밤에 새벽은 찾아오고
어느덧 부드러운 마음처럼
허전한 내 마음을 위로하는 그대와
나를 다독여주는 그대와

푸른 밤 고이 맺힌 이슬
감추어 내어드리지
꿈에나 아득히 보이려나
내마음 내어드리지
내마음 고이드리지"
52,사라지지마,연서,"내 곁에서 절대 사라지지마
나는 너 없이는
안될 것 같아 미안해
이 세상이 멸망한대도
나는 너가 가는 곳으로
따라갈래

생각해 봐
너가 없는 이 도신
너무나도 불안해 oh
생각해 봐
너 없는 이 도시에선
출구조차도 없어

불안한 마음에 싹을 피워
상처 난 흉터에 불 지지면
너에 대한 울림이 더 커지고
너를 향해 더 소리치겠지

생각해 봐
너가 없는 이 도신
너무나도 두려워
생각해 봐
너 없는 이 도시에선
희망조차도 없어

불안한 마음에 싹을 피워
상처난 흉터에 불 지지면
너에 대한 울림이 더 커지고
너를 향해 더 소리치겠지

내 눈에서 절대
사라지지마
나는 너 없이는
안될 것 같아 미안해
내가 여길 도망친대도
너는 내가 가는 곳으로
따라와 줄래"
53,Ghost in my graveyard,초영,"Writing down some words to give you
How have you been It’s been a while
Are the Lilies still in full bloom I hope so
I will be there soon as you let me go

Sitting near the window side
I’ll talk about the Neverland to you
A place where dreams will follow the stars

Oh where do I start, it’s a long way
And when will I end my love story

Dry your eyes, I’m not there
You make me feel a heavy heart
My place is here
When your time comes
I’ll be your guide just trust me
it’s not your turn yet
My life was filled with your love

Oh I miss the time in our backyards
But now I’m just a ghost in my graveyard

Dry your eyes, I’m not there
You make me feel a heavy heart
My place is here
It truely doesn’t hurt so bad i promise
You know your girl so just be strong

I’ll miss you
I’ll miss you
I’ll miss you

I’ll miss you
I’ll miss you
I’ll miss you"
54,Platanus,PERC%NT,"I fell a sleep
In a parking lot
I don’t know where to go
I don’t want to say it out loud
Will you stay in my arms tonight
I can’t seem to be who I want to be in front of you now


I just want to sleep
for a very long time but
I just can not sleep
with these trash in my head I’m out of time


I fell a sleep
In my bed tonight
I don’t know what to do
I don’t know what to do from now
Will I be in your arms tonight
I can’t seem to be what I want to be for my own self now


I just want to sleep
for a very long time but
I just can not sleep
with these trash in my head I’m out of time"
55,memory,원여울,"Do you remember when
It was a bit windy
But it wasn’t cold babe
it was rather warm
Will you remember if I tell you?
It was

In the night
You played the guitar and I sang a song
We knew
That time was so special and will live memory

I hope our time lasts forever
I know it's greedy but you
Please stay even if you are done
Please remain in any shape


In the world, we never knew
cause we like water and oil but
Smile and see the eyes each other and like

I hope our time lasts forever
I know it's greedy but you
Please stay even if you are done
Please remain in any shape

Anytime
Anytime
We can see and feel the love

Anytime
Anytime
We can see and feel the love

At night
You play the guitar and I sing a song
We know
This time is so special and will live…"
56,아무런 말 없이 (Vocal by COLORMAN),비공일호 (B01),"아무런말없이 바라만보아도
가슴벅차올라 셀레는 마음이

너무 따뜻해서 나의 얼어붙어있었던 하루에
꽃이 펴 나비가 날아와 어느새 내 마음은 봄이야

얼어붙어있던 나의 밤 하늘 반짝이는 넌 you are my star
지금처럼 밝게 빛나줘 어디서든 바라볼 수 있게 너를

너무 눈이부셔 나의 어둡기만했었던 하루가
일분 일초가 소중해 어느새 내 하루는 너뿐이야

어둡기만하던 나의 밤 하늘 반짝이는 넌 you are my star
지금처럼 밝게 빛나줘 어디서든 찾아갈 수 있게 너를

어둡기만하던 나의 밤 하늘 반짝이는 넌 you are my star
지금처럼 밝게 빛나줘 어디서든 느낄 수 있게

아무런 말없이 바라보고있어"
57,얼룩말,꼬막,"내가 태어났을 때
난 홀로 설 수 있었고
또 금방 걷게 되었지

엄마엄마 이걸 보세요
나를 좀 봐주세요
그래 너라면 달릴 수도 있겠구나

우리가 살아있을 땐
함께 뛸 수 있었고
목마를 일이 없었지

아이야 이 이야기를
마음에 품는다면
세상을 볼 수도 있겠구나

마음에 품는다면 언젠가

나의 집 나의 고향
나의 꿈 나의 들판
나의 자유로운 몸

나의 생 나의 호흡
나의 길 나의 리듬
나의 자유로운
네 발로 춤을 춰!

아아아아 아아아아
아 아아 아 아 아

작은 울타리 밖 세상은
푸르고 넓은 초원이 아니었어
좁은 골목길을 달려
저기 하늘의 구름을 따라가 다다를

나의 집 나의 고향
나의 꿈 나의 들판
나의 자유로운 몸

나의 생 나의 호흡
나의 길 나의 리듬
나의 자유로운 춤

나의 집 나의 고향
나의 꿈 나의 들판
나의 자유로운 몸

나의 생 나의 호흡
나의 길 나의 리듬
나의 자유로운 춤

작은 울타리 밖 세상은
푸르고 넓은 초원이 아니었어
좁은 골목길을 달려
저기 하늘의 구름을 따라가 다다를

아아아아 아아아아
아 아아 아 아 아

아아아아 아아아 아 아"
58,소소한일상,문건식,"전도사인 처형의
카톡소리에 잠이 깬다
하루중 가장 먼저 듣는 유익한 성경 말씀이다
위에 좋은 알로에를 짜 먹는다 코코 에게도 먹여준다
우리집의 건강 지키미니까
물을 마신다 야관문 차인데 아주 맛있다
준혁이가 선물해준 비타민도 꼭꼭 챙긴다
간밤의 파티로 인한 설거지가 산더미다
설거지가 끝날쯤 음악이 울린다 삐리리리리 삐리리리리리리
빨래 널으란 소리다 역시나 집안일은 끝이 없나보다
그래도 깨끗한 집을 보니 속이 참 시원타
계란 후라이랑 김이랑 김치랑 된장찌개와 밥을 먹는다
내사랑은 일찍 일터에 나간 관계로 혼자서 먹는다
약간의 운동과 입안을 헹구고 샤워를 한다 개운하다
짧아진 머리칼을 손질한다
학원에 간다 녹차를 마신다 아이들을 가르친다
학생은 별로없다 그래서 곡 작업을 더 많이한다
내가 할 일이다 좋아서 하는 일이다
음악은 나를 가장 잘알고 가장 잘 통하는 그런 존재이다
요즘은 재즈기타에 관심이 있다 어렵다
역시나 연습은 끝이 없나보다
그래도 유튜브가 있어 많이 배운다 별천지 세상에
종종 또 커피를 마시며 선생님들과 담소를 나눈다
아홉시가 다 되서야 집으로 온다
역시나 거르지 얺고 마트에 들러서 안주거리를 고른다
아침에 헤어진 내 님을 만나 이런저런 일과를 얘기한다
사랑하는 사람과 같이 있어 난 무지 행복하다
어느새 밀려오는 잠을 참지 못하고
꿈나라로 이제 여행을 떠난다 잡니다"
59,히요코 만쥬,오른음자리표,"히요코 만쥬, 내가 제일 좋아하는 병아리 모양, 촉촉한 빵
히요코 만쥬, 출장 다녀오신 아빠보다 반가운 샛노란 봉투

매일 먹고 싶은 맘이 간절해. 검색창을 두드리다 말았네.
쉽게 구할 수 있게 된다면 그땐 이 마음 변할까 봐 무서워서

히요코 만쥬, 먹기 좋게 한 입에 쏙 들어오는 앙증맞은
히요코 만쥬, 일본 가면 꼭 내 손에 들려진 노란 병아리

매일 먹고 싶은 맘이 간절해. 검색창을 두드리다 말았네.
쉽게 구할 수 있게 된다면 그땐 이 마음 변할까 봐 무서워서

오랫동안 품고 있던 꿈이 시시해져 버린 적이 있어.
반짝거리며 빛나던 게 막상 곁에 두면 빛을 잃곤 해.

히요코 만쥬, 아직도 가끔씩만 맛볼 수 있는 설레는 그 이름
히요코 만쥬, 내겐 이 세상 그 어떤 맛보다 소중한 것 같아

매일 먹고 싶은 맘이 간절해. 검색창을 두드리다 말았네.
쉽게 구할 수 있게 된다면 그땐 이 마음 변할까 봐 무서워서"
60,희망곡,박정호,"아침이 오면 날아가질까
지난밤 자욱히 떠돌던 생각들
창틈 새로 비춰지는 햇살 속에 나는
무얼 바라고 다시 기다리나

수많은 계절 나를 스치며
어리던 마음은 그림자를 알고
습관처럼 흔들리며 꿈을 꾸어봐도
습관처럼 다시 넘어지네

나는 늘 여기 이 자리

다시 해볼까 희망이란 이름이
욕심이 되기 전까지 손짓하는 곳으로
홀로 걸으며 뱉은 남모른 한숨들
언젠가 날 채워주려나

잃을거라곤 시간뿐이던
가벼운 나 자신 이젠 짐이 가득
품어왔던 무게만큼 버거워진 나는
힘겹게 덧없이 한숨짓네

그렇게 다시 제자리

마저 가볼까 언젠가는 알겠지
발걸음 닿는 곳으로 손짓하는 곳으로
걷고 걸어도 오늘같은 내 일뿐
내 그림자 더 작아지려나

행운이 내게 찾아왔었다면
내가 조금 더 나답게 살았을까
꿈꾸던 모든 것들은 내 길이었을까
어쩜 나는 행복했을까

나는 늘 여기 이 자리

마저 가보자 언젠가는 알겠지
발걸음 닿는 곳으로 손짓하는 곳으로
홀로 걸으며 뱉은 가녀린 한숨이
이렇게 날 슬퍼지게 해
나를 점점 사라지게 해"
61,우리는,구본암,"모든 게 다 뜻대로 이뤄지지 않는다 해도
그대 있음에 난 고요하게 또 하루를 살아가네요
믿어준 그 마음 다 기억해 난 기억해

나는 그댈 사랑하겠소
모자란 내 마음 모두 다 드리리
있는 그대로 바라만 보아도 오 그대 내 사랑

나에게 기대어 세상 끝까지 함께해 주오
우리는 서로 저 하늘에 별이 되더라도 알아보겠네
아름다운 해와 달 그 옆에서 영원히

나는 그댈 사랑하겠소
모자란 내 마음 모두 다 드리리
있는 그대로 바라만 보아도 오 그대 내 사랑

너와 난 어쩌다 단 한 번에 거짓말처럼 사랑을 알았을까
가끔 널 생각하면 시간은 또 멈춰
어느새 내 맘이 너에게 닿아서

그댈 안고 말해줄 수 있어서
어두운 이 세상도 함께 할 수 있어서
내 작은 이름마저 모두 드리리 오 그대 내 사랑
내 사랑"
62,제자리,브로플리,"몇번의 계절을 지나
피어나는 꽃 처럼
우릴 추억하고 있어

밤하늘 별처럼
모든게 빛나던
우리들의 그 순간이

멈춘 듯 고요한 일상 속
우연히 이 노랠 듣게 된다면

한걸음 이더라도
내게 걸어와 줄래
여전히 난 아직
추억 속 제자리에

언제라도 괜찮아
우릴 기억하는 날
그때로 다시 돌아와 줄래
추억 속 제자리에


아름답던 우리의 웃음소리가
바람에 실려 들려와 메아리 되어

나눴던 이야기
기억나 선명히
너도 나와 같다면

한걸음 이더라도
내게 걸어와 줄래
여전히 난 아직
추억 속 제자리에

언제라도 괜찮아
우릴 기억하는 날
그때로 다시 돌아와 줄래

힘들고 지칠때
언제나 생각해
우리 다시 만나는 날

한걸음 이더라도
내게 걸어와 줄래
여전히 난 아직
추억 속 제자리에

언제라도 괜찮아
우릴 기억하는 날
그때로 다시 돌아와 줄래
추억 속 제자리에

oh la la la la
추억 속 제자리에
oh la la la la
추억 속 제자리에"
63,귀향,아돈노,"너는 이곳에서 울었다 하지
나도 이곳에서 많이 울었지만
그래도 정겨운 우리 고향이니
이제 그만 너도 눈물을 멈추오

힘든 일은 많아도 넓은 세상은
아직 남아 있으니 한번쯤 돌아와 주오

나의 그리운 고향에 왔네 많이 변했지만
나의 추억은 여기 이곳에 남겨져 있구나

오랜 시간 지나서 바랜 기억도
간만에 꺼내보니 얼마나 아름다운가

나의 그리운 고향에 왔네 다들 떠났지만
우리 사랑은 여기 곳곳에 남겨져 있구나

우리 그리워한 이 곳에서 다시 만납시다
너의 아픔도 삼켜버린 이곳 오송에서"
64,Take My Time (with Jade),PlaCDreamer,"Stay
Please don’t go away
Memory of my time’s away away away
Just give me a say
That I’ll be here today with you
and I’ll lie here with you

Tell me what you’ll do
while I remember you
Or I won’t take it through
Oh I wanna save my time
thinking every time
I wanna take it through with you

Oh now take my time
Before it turns to ashes
Take my time

Won’t you be await?
I’m sinking away
Life’s ticking again again again again
It looks my time okay
But when I’m all awake
What was I gonna do?

Tell me what you’ll do
while I remember you
Or I won’t take it through
Oh I wanna save my time
thinking every time
I wanna take it through with you

Oh now take my time
Before it turns to ashes
take my time

Oh I wanna save my time
thinking every time
I wanna take it through with you

Take my time
I want your side
Before it turns to ashes
take my time"
65,사랑에 대하여,애쉬베이 (Ash Bay),"사랑에 대하여 생각해 봤어
그게 뭐길래 나의 시간을 다 줘도
더 주지 못해 아쉬움이 느껴지는 건
그래, 이게 사랑일까?

너는 닫힌 문을 열고서 내 맘에 들어와
원래 너의 자리였단 듯이
언제부터였는지, 나도 모르는 순간부터
너는 내 손을 잡아주고 있었어

내 마음을 오롯이 다 표현 못 해도
이것만은 알아줬음 해
하루의 끝에 네 두 눈에 비친 날 볼 때면
알 것 같아, 사랑이란 걸

사랑에 대하여 생각해 봤어
싸우다 우리의 맘이 찢어지더라도
어느 순간, 서로의 손을 잡고서
찢어진 조각을 모으고 있는지

너는 닫힌 문을 열고서 내 맘에 들어와
원래 너의 자리였단 듯이
언제부터였는지, 나도 모르는 순간부터
너는 내 손을 잡아주고 있었어

내 마음을 오롯이 다 표현 못 해도
이것만은 알아줬음 해
하루의 끝에 네 두 눈에 비친 날 볼 때면
알 것 같아, 사랑이란 걸

너도 내 두 눈에 비치는
너의 모습을 볼 때면
말해줘 너도 알 것 같은지
이제는 더 이상 사랑에
대해 생각 안 해도 돼
너를 떠올리면 되니까

내 마음을 오롯이 다 표현 못 해도
이것만은 알아줬음 해
하루의 끝에 네 두 눈에 비친 날 볼 때면
알 것 같아, 사랑이란 걸

너에 대하여 생각해 봤어"
66,행복을 담았어,세진(Sejin),"매일 찾아오는 Same question
내게 정해지는 Answer sheet
꼬리에 꼬리를 무는
행복을 위한 고민들

Hug me 그냥 감싸줘
Love me 그냥 아껴줘
있는 그대로 날 느끼고 싶어
Only i can lead myself

활기찬 낮을 줄게
Like ice cream in summer
편안한 밤을 줄게
Like hot coffee in winter
나를 위해 난 Sining like sweet sweet dreams
No one can pull me down

I wanna wanna my happiness
I'm gonna do gonna do
Whatever i want

I wanna wanna my happiness
평범하다 그러지만 그럼에도
So beautiful tonight

매일 찾아오는 미운 말들
내게 정해진 표정들
늘 사랑하자 말하는
내 사랑은 It's all lie

Give up 그 가식도
있는 그대로 날 봐줘
오늘 꿈 속엔
나쁜 맘 하나 담고 싶지 않아

활기찬 낮을 줄게
Like ice cream in summer
편안한 밤을 줄게
Like hot coffee in winter
나를 위해 난 Dancing like sweet sweet dreams
No one can pull me down

I wanna wanna my happiness
I'm gonna do gonna do
Whatever i want

I wanna wanna my happiness
평범하다 그러지만 그럼에도
So beautiful tonight

잡으려 할 수록 흐려지는 행복들
오늘은 그만 놓아줘
있는 그대로 지금 모든 순간을 즐겨
오늘 밤 I can go anywhere

활기찬 낮을 줄게
Like ice cream in summer
편안한 밤을 줄게
Like hot coffee in winter
나를 위해 난 Sining like sweet sweet dreams
No one can pull me down

I wanna wanna my happiness
I'm gonna do gonna do
Whatever i want

I wanna wanna my happiness
평범하다 그러지만 그럼에도
So beautiful tonight"
67,그 바다를 달려,조약돌,"내 눈물진 기억들 속엔
힘들었던 그 많은 시간 속엔
눈부신 그 바다의 향기가
지평선 아득히
또 나를 기다리네

소라고둥 귓가에 대고
어릴 적 그 노래 부르면
달리던 그 바닷가 바람
잊혀진 무언가
또 나를 부르네

눈부신 너를
나 달려갈게
꿈꾸던 그 시간을 갈게
바다에 약속했던 꿈
잊혀진 그때의 기억을
함께 달리자

어둠은 나를 또 찾아와
날 사라지게 해 점점 더 사라져
해는 저물고 다 스러지지만
버텨내 곧 어느새

너를 기억해
내게서 찾아온
너를 꿈꿀게
그 바다를 달려가
함께 한 약속
더는 오지 않아
그 바다를 달려

너를 기억해
내게서 찾아온
너를 꿈꿀게
그 바다를 달려가
함께 한 약속
더는 오지 않아
그 바다를 달려
달려 오
달려
달려 오

너를 기억해
내게서 찾아온
너를 꿈꿀게
그 바다를 달려
함께 한 약속
더는 오지 않아
꿈 속을 난 달려"
68,물어봐도 돼 ver.1,양말기획,"나 이거 물어봐도 돼
사실은 어제도 그제도 그 전 날도 아마 물었을걸
그래도 나또 물어봐도돼
사실은 어제도 그제도 그 전 날도 똑같이 물었을걸

괜찮니? 괜찮아? 괜찮아질거야
내가 묻고 내가 대답하는 이상한 질문
괜찮니 괜찮아? 괜찮아질거야
내가 묻고 듣고 싶은 대답도 하는

모르겠어서 그래
너도 모르는 거 아니까 그래
어제도 오늘이 럴 줄 몰랐고
오늘도내 일 어떨지 모르니까
모르겠어서 그래
우린 모두 모르니까 그래
이렇게라도 묻고 대답하며 버텨내고 싶어서

모르겠어서 그래
우린 모두 모르니까 그래
이렇게라도 묻고 대답하며 버텨내고 싶어서 그래"
69,정말 좋아요,태현 (Tae hyeon),"눈부신 창밖을 봐요 세상이 반기고 있어요
울적한 마음은 저 하늘에 날려요

밤하늘 별들을 봐요 우리의 꿈이 있어요
아쉬운 기억은 저 하늘에 날려요

정말 좋아요 함께한 시간이 가슴에 남아있죠
정말 좋아요 행복한 시간들 영원히 남아있죠

힘을 내요 우리의 마음은 사랑이 가득하죠
언제나 밝은 미소로 세상을 걸어가요


밤하늘 별들을 봐요 우리의 꿈이 있어요
아쉬운 기억은 저 하늘에 날려요

정말 좋아요 함께한 시간이 가슴에 남아있죠
정말 좋아요 행복한 시간들 영원히 남아있죠

정말 좋아요 함께한 시간이 가슴에 남아있죠
정말 좋아요 행복한 시간들 영원히 남아있죠

정말 좋아요 함께한 시간이 가슴에 남아있죠
정말 좋아요 행복한 시간들 영원히 남아있죠

힘을 내요 우리의 마음은 사랑이 가득하죠
언제나 밝은 미소로 세상을 걸어가요
언제나 밝은 미소로 세상을 걸어가요"
70,바로 나 (Finding Me),3분 카레,"어둠의 끝에서 넌 날 기다리겠지
이길의 끝에서 넌 날 반겨주겠지
그 빛의 시작에서 넌 웃고 있겠지
나는 너, 너는 나, 바로나

기나긴 어둠의 터널을 지나 여기까지 왔지만
없잖아 아무것도 없잖아
어둠의 밀림 속 수풀을 헤쳐 여기까지 왔지만
없잖아 아무것도 없잖아

이곳을 지나서 계속해 앞으로 달려가다 보면
그렇게 원하고 바라던 세상이 있어 오~예

어둠의 끝에서 넌 날 기다리겠지
이길의 끝에서 넌 날 반겨주겠지
그 빛의 시작에서 넌 웃고 있겠지
나는 너, 너는 나, 바로나


지치고 쓰러져 힘들 때, 그곳의 너를 생각하며
다시 또 일어나 앞으로 나는 너와 함께 있어

어둠의 끝에서 넌 날 기다리겠지
이길의 끝에서 넌 날 반겨주겠지
그 빛의 시작에서 넌 웃고 있겠지
나는 너, 너는 나, 바로나

어둠의 끝에서 넌 날 기다리겠지
이길의 끝에서 넌 날 반겨주겠지
그 빛의 시작에서 넌 웃고 있겠지
나는 너, 너는 나, 바로나"
71,father,류하 (ryuha),"father I don't know if I can afford that car
and if I'm doing alright
father I don't know if I can marry someone
and she would be not ashamed of me

father I don't know if I should keep on track
only one step further seems so far
see, now I'm taller than you
but still just a kid

you once told me growing up
doesn't mean getting older
don't have to rush just carry on
but I'm so scared

you once told me growing up
doesn't mean getting older
don't have to rush just carry on
but I'm so scared

you once told me growing up
doesn't mean getting older
don't have to rush just carry on
but I'm so scared

you once told me growing up
doesn't mean getting older
don't have to rush just carry on
but I'm so scared

father I don't know if I can be like you
when I have my baby son
and if I can say that my life was okay
when everything fades away"
72,디폴트,김사월,"사랑 없는 세상이 디폴트
그래서 매번 기뻐해야지
사랑 없는 세상이 디폴트
그때 참 맛있게 받아야지

절대적인 건 없는데
7-80퍼센트의 사랑도 대단해
그래도 그걸 갖겠다고
100퍼센트를 욕심내서

사랑받고 싶어
저 구름이 하늘에게 사랑받듯
영원하고 싶어
그걸 다 가지고 싶어

사랑 없는 세상이 디폴트
기대를 낮추며 긍정할까
사랑 없는 세상이 디폴트
상처받기 싫은 체념일까

사랑 없는 시간들은
아프거나 외로운 슬픔이 아니야
뜨거운 그리움인 거야
벅찬 기다림인 거야

사랑받고 싶어
새벽녘 기도하는 마음처럼
무조건적인 사랑
그걸 다 가지고 싶어

사랑받고 싶어
엄마가 나를 낳았듯이
존재적인 사랑
그걸 다 가지고 싶어"
73,24-24,등아,"헐어가는 손입니다
잊혀지기 싫다는 게 더 큽니다
들어줄 귀가 문밖에 있으니
건실히 채찍에 등을 맞댑니다

무성하게 열린 저 열매들 가운데
하나 정도는 내게 오겠지
라며 분수에 벅찬 기대를 합니다

금방 창피를 느끼는 편입니다
대본도 숙지 못한 조연입니다
다치면서 배우다 보니
이젠 스스로 찔러 구멍을 파놓습니다

멋모르고 달리다 코가 깨져도
웃음으로 넘기는 게 좀 서글픕니다

확신은 없는 채로 또 당신을 만나러 갑니다

쓰라린 밤으로 재우소서
쉼 없는 고통으로 채우소서
쓰라린 방에
그 쓰라린 침대에
쓰라린 어둠으로 재우소서

쓰라린 밤으로 재우소서
쉼 없는 고통으로 채우소서
쓰라린 방에
그 쓰라린 침대에
쓰라린 어둠으로 재우소서

나눠서 줄이자고
조금만이라도 가져가겠다고
온전히 내 소유는 이것밖에 없으니
필요 없다 손사래 치지만
당신에게는 그게 다른 의미로 다가올까 봐
슬그머니 모습을 감춥니다

얼마만큼 달려야 쓰러질 수 있습니까?
어디까지 날아야 타 죽을 수 있습니까?

누군가의 가족, 누군가의 친구, 누군가의 사랑
수많은 이름을 몰아치는 북풍에
실어 날려 보내버린다면
그리던 목적지에 도착한
열기구 안엔 무엇이 남아있겠습니까?
나라는 비굴한 가치를 뺀다면
그 무엇이 남아있겠습니까?

연체된 눈물을 돌려주소서
연체된 안식을 돌려주소서

쓰라린 밤으로 재우소서
쉼 없는 고통으로 채우소서
쓰라린 방에
그 쓰라린 침대에
쓰라린 어둠으로 재우소서

쓰라린 밤으로 재우소서
쉼 없는 고통으로 채우소서
쓰라린 방에
그 쓰라린 침대에
쓰라린 어둠으로 재우소서

결국 끝이 올 걸 알았으면서
작렬하는 그들을 보았으면서
이 섬광에 반해 희망에 찌든
날 죄악의 곁으로 눕혀주소서"
74,그러니까내가하려는말은,임찬영,"그러니까 내가 하려는 말은
날이 좋다는 흔한 말이 아니고
내가 네게 하려는 말은
오늘 뭐했냐는 시덥잖은 말이 아니야
실은 난 내가 하고픈 말을
네게 전하려는 이 순간이
나의 맘을 나의 맘만
편하게 하는 거라면
나는 어려워요 내 맘을 어떻게 해야할지
하나도 모르겠어요
나도 남들처럼 먼저 손을 꼭 잡아주고
내 맘을 전할 용기가 있다면

그러니까 내가 하려는 말이
가벼운 농담이라 생각하진 말아줘
내가 네게 하려는 말은
편안한 이 감정을 뒤집을 거야
실은 난 내가 하고픈 말을
네게 전하려는 이 순간이
나의 맘을 나의 맘만
편하게 하는 거라면
나는 어려워요 내 맘을 어떻게 해야할지
하나도 모르겠어요
나도 남들처럼 먼저 손을 꼭 잡아주고
내 맘을

이런 내 모습을 그댄 어떻게 생각할까요
말도 못 꺼내는 날
나도 남들처럼 그댈 내 품에 끌어안고
내 맘을 전할 용기가 있다면
그럴 수 있다면

그러니까 내가 하려는 말은
내가 서툴러서 미안하단 말이 아니고
내가 네게 하려는 말은
진짜 하고픈 말은"
75,하루의 끝,어쿠스틱 프로비,"집에 돌아와요
맥주를 꺼내먹어요
치익 하는 기분 좋은 캔소리
라면이나 끓여서 같이 먹어볼까요

보글보글 라면이 끓는 소리
모락모락 김이 나고 있네요
밥상을 펴고 따 놓은 맥주를 꺼내고
이제 라면을 들고가는데

아 쉬벌!

흐아아아!! 쏟았다 방바닥에 쏟았다
으아아아!! 마지막 남은 내 라면
월급도 다 써서 이게 마지막 라면인데

흐아아으어엉.. 내 라면 이거 어떡하냐
아이고 3초도 지났네
아이고 흐읍 향기롭구나

야이 썩을 놈의 새끼야 빨리 안치워!!!
아이고 냅둬요! 그럴 수도 있지!! 아휴 빨리 안치워!!!"
76,항해,일렁,"내가 사는 곳은 부천시 괴안동
어릴 적부터 자란 내 고향이죠
지금 있는 곳은 어딘지 몰라도
내 맘은 항상 그곳에 있어요

아침을 알리는 새들의 지저귐
놀이터에서 들리는 아이들 웃음
모든 것은 나에게 자그만 일상이죠
이젠 못 돌아올 추억이겠죠

난 떠나야 해요
좋았던 추억들은 챙기고
바람에 내 몸을 맡기고
날개를 달고 날아보려고 해요

내 맘을 울리는 말들이
지금 날 만든 그 맘들이
한 번 더 날 떠오르게 해

내 맘을 두드린 말들이
지금 날 만든 그 맘들이
한 번 더 날 꿈꾸게 해

난 떠나야 해요
좋았던 추억들은 챙기고
바람에 내 몸을 맡기고
날아가려고 해요

난 가야만 해요
불행한 기억들은 버리고
파도에 내 몸을 맡기고
자유롭게 헤엄쳐"
77,사랑하는 만큼,올옷 (ALLOT),"여기저기
떠다니는 마음들을
작을 수 있겠지만
차곡히 모을게요
가방 속에
아끼는 펜을 쥐고서
크지 않은 종이에다
꾹 눌러 담을게요
사랑을 적자니
행여나 답이 아닐까
망설이는 손이
사랑이라 말하네
무릎을 베고
곤히 잠에 들어줘요
새근새근거림에
이불을 덮어줄게요
모래 위 새겨놓은
당신의 이름 모두
사라진다 해도
사랑으로 남아서
잊혀지지 않을
우리의 시간들을
한 글자씩 모아서
꾹 눌러 담을게요
종이는 바래져 가도
우릴 간직해 줘요"
78,스물,이암 (Iam),"어느샌가
열아홉과 멀어지고
여기저기
마구 흔들리다가
나도 몰래
새로운 길목에 서있었네

달라진
나를 보는 마음이
그저 어려워
겁이 나버리는데
어른이 되긴
아직 너무 이른데
나는 나는

나의 스물
답이 없는
시험 문제 같아
머리 아프네 오오
나의 스물이
모르는 색으로
물들어가는 건
서운해 조금 많이

거짓된
미소들과 문장이
가득 쌓여가
나를 지우려 하고
처음 겪어본
사랑 이별 후회도
무겁고 쓰리네

나의 스물
답이 없는
시험 문제 같아
머리 아프네 오오
나의 스물이
모르는 색으로
물들어가는 건
서운해 조금 많이

여기까지
스무 살의 전부라면
나는 다시
아무것도 모르는
열아홉의
철없던 시절로
돌아갈래"
79,일상에서 이상으로 (feat.오고은),zero.J,"햇살이 비추는 아침 창문을 살며시 열고
새로운 하루가 시작되는 아침의 소리가 들려오네

바람이 두 뺨에 스쳐가고 창문 밖으로 날 유혹하네
내 안에 꼭 숨어있는 작은 용기를 꺼내어볼까

내가 가야 할 길 잃어버린 걸까 자신이 없어 숨긴걸까
기다리고 있을 나의 꿈을 위해 창밖으로 나가볼까

유난히 설레는 아침 커피한잔 마셔볼까
새로운 하루로 날 깨우는 맑은 소리가 들려오네

낯 설은 향기가 느껴지고 거울 앞으로 날 유혹하네
서랍 속에 꼭 감춰 놓은 새로운 옷을 꺼내어볼까

내가 가야 할 길 잃어버린 걸까 자신이 없어 숨긴걸까
기다리고 있을 나의 꿈을 위해 창밖으로 나가볼까

지난 달려온 길 넘어져 버린 걸까 용기가 없어 멈춘걸까
기다리고 있을 나의 꿈을 위해 다시 한번 뛰어볼까"
80,Back on Ease,Herhums,"Read our minds and broken hearts
Thoughts are screaming inside out
Promises are leaving, we're no longer needing you

Fall back on ease
Keep our wounds still bleeding"
81,예술해,와라정,"내 유전자가 너를 만드네 그런 넌 오죽하겠느냐
넌 이제 그냥 예술해 엄마는 돈을 벌을께
날 닮아 그런걸 어쩌냐 넌 이제 그냥 예술해

다음 세상에 다시 만나자 그땐 나 니 딸로 살꺼다
넌 이제 그냥 예술해 엄마는 돈을 벌을께
행복 하니 걱정은 말아라 넌 이제 그냥 예술해

나 이제 계속 털려 줄꺼야 아들아
호구 개나 소나 되는 거 아니다 엄마가
능력이 있으니 호구 소리 듣는 거다 넌 이제 그냥 예술해
너의 눈빛 너의 목소리 너의 향기

내 유전자가 너를 만드네 그런 넌 니가 하고싶은 예술하고 살아라
아들아 나를 닮아 있는 너를 너무 사랑한다 넌 이제

내 유전자가 너를 만드네 그런 넌 니가 하고 싶은 예술하고 살아라
아들아 나를 닮아 있는 너를 너무 사랑한다 넌 이제 그냥 예술해"
82,너의 입은 사과를 말하고 있지만,삼점오,"너의 입은 사과를 말하고 있지만
너의 눈은 똑바로 쳐다보고 있지만
난
난

너의 입은 사과를 말하고 있지만

너의 입은 사과를 말하고 있지만
너의 손은 모래를 건네려고 하지만
난
난
난
난"
83,사랑해주네,유종권,"연약한 마음 상처투성이
이기적인 나 실수투성이
그래도 사랑해주네

조그만 마음 어린애같이
다 알면서도 바라는 고집
그래도 사랑해주네

지금처럼 있어줄래
너 없는 나 혼자는
아무것도 아니야

더 나은 사람이 되고파
지나갈 이름 되지 않게
늘 여기 머무를게
항상 같은 자리에

더 나은 사람이 되고파
지나갈 이름 되지 않게
늘 여기 머무를게
항상 같은 자리에

연약한 마음 상처투성이
이기적인 나 실수투성이
그래도 사랑해주네

지금처럼 있어줄래
너 없는 나 혼자는
아무것도 아니야

더 나은 사람이 되고파
지나갈 이름 되지 않게
늘 여기 머무를게
항상 같은 자리에

더 나은 사람이 되고파
지나갈 이름 되지 않게
늘 여기 머무를게
항상 같은 자리에

널 닮은 사람이 되고파
아무런 이유 없는 사랑
늘 여기 머무를게
항상 같은 자리에

널 닮은 사람이 되고파
아무런 이유 없는 사랑
늘 여기 머무를게
항상 같은 자리에"
84,On my way to you,엄성현,"I’m on my way to you
내 마음 찾으러
I know it's hard to reach you
꼭 해낼거야

용기가 필요해
조금 떨리기도 해
I want you to approach me first
I can’t wait

Ah
Ah
너에게 용기를 내
You like her, don’t you
그럼 말해야만 해
너에게 닿고 싶었다고

I’m on my way to you
너가 보고 싶어
I know it's hard to reach you
만나러 갈거야

용기가 필요해
조금 떨리기도 해
I want you to approach me first
I can’t wait

Ah
Ah
너에게 용기를 내
You like her, don’t you
그럼 말해야만 해
너에게 닿고 싶었다고

You like her, don’t you
그럼 말해야만 해
너에게 닿고 싶었다고"
85,다이빙,옥상달빛,"점점 작아지는 요즘
멈춰있는 시간이 길수록
마음은 더 불안해

내가 가만히 있는 건
게으름에 저버린 게 아냐
이해할 수 있을까

침대에 누워 천장을 보고
멍하니 앉아 생각도 하고
내일 계획을 적어 보지만
사실 (가끔씩은) 내일이 (안 왔으면 해)

아름다울 수 있을까 나의 하루가
매일 밤 무거운 걱정 없이
나를 위해 내일을 또 살자

사람들은 모두 말해
답답한 방에서 이제 그만
밖으로 나오라고

낯설어진 내 신발을 신고
현관문 앞에 잠시 서있다
결국 또다시 포기해버리면
사실 (가끔씩은) 내일이 (안 왔으면 해)

아름다울 수 있을까 우리 하루가
매일 밤 무거운 걱정 없이
나를 위해 또 너를 위해
부질없이 또 넘어져도

마음껏 행복해지자 매일 조금씩
그럴 수 있을 거라고 믿어
너를 믿어 꼭 우린 할 수 있어"
86,너의 봄에 기대요,Jade (제이드),"너의 밤에 안겨서
나의 따뜻한 낮을 느껴줘
오늘은 우리 여기서
너와 서로의 맘을 안아

별들도 속삭이는 밤
그 밤 우린 서로를 바라보고 있어
Oh my love
너의 달이 되고 싶어

너의 봄에 기대요
수줍게 몰래 안겨요
Baby baby I love you 너에게
오늘을 주고 싶어

이 봄의 끝에 기대요
아무도 몰래 숨겨요
Baby baby I love you 내 안에
간직할게요 너를

서로를 끌어안고
너의 마음에 기대고 싶은 걸
Oh my love
너의 품이 되고 싶어

이 밤의 끝에 기대요
수줍게 몰래 안겨요
Baby baby I love you 너에게
오늘을 주고 싶어

이 봄의 끝에 기대요
아무도 몰래 숨겨요
Baby baby I love you 내 안에
간직할게요 너를 너를 너를

Baby baby I love you 너에게
고백할 거야"
87,우주비행사,성에,"우주비행사

세상을 아래 두고서
내 눈을 쳐다보고 넌
나와 같은 노랠 듣고
도망가자 우리

내 손을 잡고
네 생각을 말해줘
우리가 타고있는
이 우주선 속에서

Oh Astronaut! 좀 더 빠르게
Oh we are up and higher

Oh Pilot 좀더 멀리(Yeah!)
We are escape from this world

우린 머나먼 이 우주속에서
끝없는 여행을 하게 될거야

수 많은 별들도 우릴 반겨줄거야
우리도 더 밝은 별이 될거야

Oh Astronaut! 좀더 빠르게
Oh we are up and higher

Oh Pilot 좀더 멀리(Yeah!)
We are escape from this world
from this world

Oh Astronaut! 좀더 빠르게
Oh we are up and higher

Oh Pilot 좀더 멀리(Yeah!)
We are escape from this world

네이버 메일앱에서 보냈습니다."
88,너는 나의 봄 (Vocal by COLORMAN),비공일호 (B01),"겨울처럼 얼어붙어있던
내 마음을 따스히 녹여준 넌
나비처럼 내마음에 사뿐히 날아와
꽃으로 활짝피어 있어

영원히 녹지 않을 것 같던 마음에 문이 녹아 내리고
다시는 볼 수 없을 것 같던 세상을 보여준 넌

넌 나의 봄이야 따스한 햇살담은 너의 눈빛
넌 나의 봄이야 하늘하늘 아지랑이 같은 목소리도

어두운밤에 내내갇혀있던
내 마음을 환하게 비춰준 넌

영원히 놓지 못할것같던 마음에 짐은 사라지고
다시는 닿을 수 없을 것 같던 세상을 보여준 넌

넌 나의 봄이야 영롱한 달빛닮은 너의 눈빛
넌 나의 봄이야 밤하늘 가득 수놓은 별빛 목소리도



넌 나의 봄이야 라라라 라라라라 라라라라
넌 나의 봄이야 라라라 라라라라 라라라라라라"
89,스물,지지 (zZ),"우리의 시절이 왔어
누구도 시들지 못해
봄날인지 뭔지 하는 것 땜에
되도록 예쁘려고 노력해

나는 내가 뭐라도 된 줄 알았어
나는 나만 꿈이 있는 줄 알았어
겨우 영화 한 편 빨리 본 거 가지고
왜 그리도 생색을 냈을까

내가 기다리던 스물은
이리 허술하지 않았는데
아쉬움에 까마득한 서른을
다시 기대하는 소년이네

스멀스멀 스물이 된 작은 신엽들
숨을 고를 틈도 없이 꽃을 피워야 해
술을 술을 슬픔 마냥 들이마시곤
젊음을 절망으로
발음하는 어지러운 밤이네요

나는 내가 뭐라도 할 줄 알았어
나는 남은 꿈이 없는 걸 알았어
결국 영웅 이야긴 나랑 다르고
나는 나를 지어야 하는 거야

파란 하늘 같은 연인은
세상 전부처럼 안겨 있다
까만 우주 같은 이별이 결국
세상 전부인 걸 깨달았네

슬퍼라"
90,"안녕,나의 어린 친구야 (Feat. 피아노라이더스)",달타냥,"안녕 나의 추억 속의
어린 친구야

너는 지금 어느 곳에
살고 있을까

네가 가끔 이유 없이
떠오를 때면
난 봄날이 느껴지곤 해

아무것도 없어도
그저 함께 있는 것만으로
뭐가 그렇게도 즐거웠는지

작은 것 하나로도
함께 울고 웃었던
순수한 너와 나의 어린 시절

따스한 포근했던
너와의 기억들

안녕 나의 소중했던
어린 친구야

너는 지금 행복하게
살고 있을까

네가 가끔 이유 없이
그리울 때면
난 잠시 눈을 감아보곤 해

어느 곳에 있어도
그저 함께 하는 것만으로
너무나 따스한 온기를 느껴

눈처럼 차가워진
세상을 살아갈 때면
혼자가 아니란 걸 난 기억해
친구야 네가 정말 보고 싶다"
91,이륙,이은상,"설레는 마음
입가에 번지는 미소

상상한대로
그려지는 창 밖의 풍경

날개 끝자락
위태롭게 걸린 노을이

노랗고 붉게
마지막 채색을 더하네

우 꿈은 아닐까
손 꼬집어 봐도
욱 새어나오는 웃음에
머릴 쓸어 넘긴다

점점 멀어지는 나의 어제가
구름 사이로 숨어갈 때
이젠 이젠 이젠
새로운 내일을 꿈꿔보라 귀띔해주네

같은 공간 속의 다른 사람들
그들만의 얘기를 싣고서
바다 가로 질러
가슴 속에 별 가득히
그렇게 내일을 향해 떠난다

우 꿈은 아닐까
손 꼬집어 봐도
욱 새어나오는 웃음에
머릴 쓸어 넘긴다

점점 멀어지는 나의 어제가
구름 사이로 숨어갈 때
이젠 이젠 이젠
새로운 내일을 꿈꿔보라 귀띔해주네

같은 공간 속의 다른 사람들
그들만의 얘기를 싣고서
바다 가로 질러
가슴 속에 별 가득히
그렇게 내일을 향해 떠난다"
92,Don't Worry,김주엽,"Don't worry cause I'm a strong boy
비틀거려도 난
Don't worry cause I'm a strong girl
흔들거려도 난
기꺼이 keep going 기꺼이

Don't worry I'm ok mama
비틀거려도 난
Don't worry I'm happy mama
흔들거려도 난
지금 원하는 건 pray for me
yeyeye

나의 작은 한 걸음이
저 산을 넘어서
아주 작은 시작들도
많은 걸 바꾸지
이렇게 난 전부 걸어볼꺼야

나의 작은 한 걸음이
저 산을 넘어서
아주 작은 시작들도
많은 걸 바꾸지
이렇게 난 전부 걸어볼꺼야
Don't worry cause I'm a strong boy
비틀거려도 난
Don't worry cause I'm a strong girl
흔들거려도 난
기꺼이 keep going 기꺼이
Don't worry I'm ok mama
비틀거려도 난
Don't worry I'm happy mama
흔들거려도 난
지금 원하는 건 pray for me yeyeye
나의 작은 한 걸음이
저 산을 넘어서
아주 작은 시작들도
많은 걸 바꾸지
이렇게 난 전부 걸어볼꺼야
나의 작은 한 걸음이
저 산을 넘어서
아주 작은 시작들도
많은 걸 바꾸지
이렇게 난 전부 걸어볼꺼야
이렇게 난 전부 걸어볼꺼야
이렇게 난 전부 걸어볼꺼야"
93,지네가 쏘아올린 커다란 꿈,김왕기,"달콤한 낮잠을 자던날
꿈속에 나타난 지네 한마리
수많은 다리마다 붙어있던 희미한 숫자들
그중에 숫자 다섯개 별빛처럼 반짝이네
그리고 지나가는 지네 꼬리엔 숫자 한가지
1 to the 45 핸드폰 번호부터 바꿔야하나
1 to the 45 친구들아 안녕

이건 진짜다 헐레벌떡 뛰어나가 동네를 다 뒤져봐도
하나 없는 로또 판매점 실망의 발걸음

그 마저 무겁게 만드는 야속한 빗방울들
터벅 터벅이는 발걸음 앞에 황금빛 로또 판매점

1 to the 45 핸드폰 번호부터 바꿔야하나
1 to the 45 친구들아 안녕

토요일 오후 8시 반 알바하며 지켜본 로또 발표
앞치마 벗어 던지기 10분전 준비 요이땅

그런데 이게 무슨 일이야
지네가 나를 농락했구나

앞치마 굳게 다시 고쳐메고
주문하신 알탕 나왔습니다.

1 to the 45 인생 쉽게 살지 말라나봐
1 to the 45 친구들아 사랑해"
0,초콜릿,정명수,"내 손을 잡고 걷는 길
초콜릿 향보다 좋은 느낌
그대의 모습을 그려 봐요

작은 얼굴 작은 어깨
작은 손과 발 너무 예쁘다
나는 초콜릿보다 향긋한
스윗스윗 초콜릿 그대가 좋아

내게 말을 할 때는
미소가 담긴 목소리
귀여운 내 모습 보며 웃을 땐
가슴이 말하죠 좋아해요

나는 초콜릿보다 향긋한
스윗스윗 초콜릿 그대가 좋아
나는나는 초콜릿 나에게 찾아온 그대가
스윗스윗 초콜릿
너무 좋아서 노래하지 라라랄 라라랄 라 좋은 느낌

come here chocolate love together
come here chocolate love together (together together)
come here chocolate love together (together 기쁜 날 좋은 날)
come here chocolate love together (내 마음이 보이나요 Yah Yah)

나는 쵸콜릿 보다 향긋한
스윗스윗 쵸콜릿 그대가 좋아
나는 쵸콜릿 내게로 찾아온 그대가
스윗스윗 쵸콜릿 그대가 좋아"
1,봄눈 (feat. 정한나),채은,"언제부터였을까 그때의
따듯한 햇살이 떠올라
꽃이 피고 지는 이 계절 속에서
우연히라도 만나고 싶었나봐

너를 만났던 그 날
그 향기에 매력을 느껴
포근했었던 그 날
넌 내 맘 속에 falling

흩날리는 나무 아래 있는 우리
바람도 부는 그 곳에
혼자가 아닌 걸 말해주고 싶었던 걸까
바람도 외로워서 그랬던 걸까


너를 만났던 그 날
그 향기에 매력을 느껴
포근했었던 그 날
넌 내 맘 속에 falling

흩날리는 나무 아래있는 우리
바람도 부는 그 곳에
혼자가 아닌걸 말해주고 싶었던 걸까
바람도 외로워서 그랬던 걸까

나 혼자서 지내지 못했던 나를
너 하나로 변한 나를 찾았다고 말해주었어

흩날리는 나무 아래 있는 우리
바람도 부는 그 곳에
혼자가 아닌 걸 말해주고 싶었던 걸까
바람도 외로워서 그랬던 걸까"
2,귀뚜라미와 나와,양현경,"귀뚜라미와 나와
잔디밭에서 이야기 했다
아무에게도 알으켜 주지 말고
우리 둘만 알자고 약속 했다

귀뜰귀뜰
귀뜰귀뜰

귀뚜라미와 나는
달 밝은 밤에 이야기 했다
귀뚜라미와 나는
달 밝은 밤에 약속을 했다

귀뜰귀뜰
귀뜰귀뜰"
3,EMPATH (고도로 민감한 존재),뮤뭉,"나는 왜 그렇게 많은 감정을 느끼는지
때론 다른 사람 기분에까지 나를 빼앗기지
그렇게 내 안의 층들은 너무 두터워져서
하나씩 걷어내기엔

나만 동떨어져 있다는 생각에 주위를 봐도
같은 아픔 갖고 사는 사람 하나 찾을 수 없고
문을 걸어잠근 마음에 두려움이 오면
눈을 감고 이 노랠 부르죠

나는 이상해
다들 당연해하는 일에도
너무 예민해
순수하고 느리고
너무 연약하대
고집까지 세서 다들 떠나가나봐

이제 결단을 내리기로 해
붕어 무리에 합류하는 대신
나의 이 민감함이
들려주는 소리에
더 힘을 실어주고
마음껏 나로 살겠다고

Empath is a blessing
Empath is a blessing
난 하나뿐인 존재지
우주가 널 보낸 목적이 있지
나의 자리를 찾아서
잠시 가려진 사랑을
비추어주라고
내게 모든 어둠을 선물한 거야

Empath is a blessing
Empath is a blessing
Empath is a blessing
Empath is a blessing
Empath is a blessing
Empath is a blessing
Empath is a blessing
Empath is a blessing"
4,난,신지성,"세상이란 틀 안에
오늘 하루도 살아가

네가 틀렸다 말하는 모두가
너의 맘을 알까

울고 있는 널 알지만
또 웃으며 살아가지

자유로이 날고 싶어 난
꿈과 떠나고 싶어 난
아무도 날 사랑하지 않아도

난 괜찮다 말하고 있지만
넌 괜찮지 않은걸 알아

세상의 무게가 날 짖눌러도
난 다시 일어날거야

울고 있는 널 알지만
또 웃으며 살아가지

자유로이 날고 싶어 난
꿈과 떠나고 싶어 난
아무도 날 사랑하지 않아도

자신을 겁내지는 마
너는 언제나 빛이나
네가 나를 사랑하고 있다면"
5,Traveller,허재혁,"I don't know if I can do it like everyone else
언젠가 기대했던 그날이 오면
걱정이 앞설 땐 여유롭게 웃지 못했어
그래도 널 봤을 땐 말이야 이젠 난

now i can tell you and i can see
상상만 했던 그 모든 날들이
쏟아져 내게 들어와도 난 말이야 네가 떠올라

한 번도 걸어본 적 없던 길이지만
상상 속 매일 너와 함께 걸었잖아
길을 잃었을 땐 나 당황하기도 했었어
그래도 널 봤을 땐 말이야 이젠 난

now i can tell you and i can see
상상만 했던 그 모든 날들이
쏟아져 내게 들어와도 난 말이야 네가 떠올라

i'll tell you everything when i get back to you
I want to finish where you are

now i can tell you and i can see
상상만 했던 그 모든 날들이
쏟아져 내게 들어와도 난 말이야 네가 떠올라

now i can tell you and i can see
꿈에서 봤던 그 모든 순간이
쏟아져 내게 들어와도 난 말이야 네가 떠올라"
6,낭만의 봄,DOKO (도코),"Oh 나지막이 불어온
바람이 날 반겨
여전한 너의 향기가
봄에서부터 곁에 머물러

아침 일찍 일어나서 커피 한잔
음 낭만 있잖아
꾸민 듯 안 꾸민 듯 집을 나서도
선선한 바람
낭만 있잖아

사실은 나 하고 싶은 말 하나
네가 있어서 행복하다고
아마도 나 하고 싶은 말 하나
우리 같이 볼래 낭만의 봄을

사랑스러운 멜로디 너만을 위하고
우리 서로를 마주 보면서
미소 짓고
환히 웃어주는
이런 날
낭만의 봄이야

사실은 나 듣고 싶은 말 하나
나와 매일 붙어 있고 싶다고
그러면 나 대답하고픈 말 하나
우리 같이 볼래 낭만의 봄을

사랑스러운 멜로디 너만을 위하고
우리 서로를 마주 보면서
미소 짓고
환히 웃어주는
이런 날
낭만의 봄이야

woo 너를 매일 데려다줄게
우리 손잡고 걸어볼까
마치 꿈인 듯 하늘에 수놓은 별처럼

사랑스러운 멜로디 너만을 위하고
우리 서로를 마주 보면서
미소 짓고
환히 웃어주는
이런 날
낭만의 봄이야

um um um um um
um um um um um um
um um um um um
um um um um um um
미소 짓고
환히 웃어주는
이런 날
낭만의 봄이야"
7,일기,Paper Life,"투박하게 담긴
이 시간들을
언젠가 문득 꺼내 읽을 때

잠시라도 쉴 수 있게
젖어들 수 있게
Tell me now
다 꺼내봐요

마침표를 찍고서 돌아보면
마음을 담아낸 채 고이 접으면
모두 기억할 테니까
서투른 오늘이라도
괜찮아

불어오는 바람에
아픔이 씻기도록
쏟아지는 하루 틈 어딘가
잊혀지지 않도록
두서없는 푸념이라도

별다를 건 없지만
남겨진 추억만으로도
넘치지 않을 한쪽이 되길
가득히 바람을 담은 채
더 흘러가고 있나 봐

무심하게 남긴
이 흔적들이
언젠가 네게 길이 돼주길

밤새 써 내려간 고백
말해줄 수 있게
Save me now
다 꺼내봐요

마침표를 찍고서 돌아보면
마음을 담아낸 채 고이 접으면
모두 기억할 테니까
서투른 오늘이라도
괜찮아

불어오는 바람에
아픔이 씻기도록
쏟아지는 하루 틈 어딘가
잊혀지지 않도록
두서없는 푸념이라도

별다를 건 없지만
남겨진 추억만으로도
넘치지 않을 한쪽이 되길
가득히 바람을 담은 채
더 흘러가고 있나 봐

쏟아지는 틈 어딘가
흩어지지 않도록
담아내고 나서
그렇게 사라질 기억이라도

그렇게 다 흘러가고 있나 봐"
8,촛농,Soffee,"일렁이는 촛불은
위태로워 아름답고
어둠이 오면
결국 가장 먼저 찾아요

너무 막 켜 놓지는 마
초는 결국 위험하니까
미운 마음에
화를 부르고 마네요

식은 촛농은
떨어질 줄을 몰라요

작은 불로 불씨를 키고
날 키운 당신이
뚫어져라 볼 때는 언제고
눈부시다 고개를 돌리네

아아 아아
돌리네
아아 아아

따뜻한 네 불길은
부드러워 좋다가도
내 몸에 붙으면
뜨겁다며 마구 때려요

너무 쉬이 꺼질까 봐
야금야금 먹이를 주다
과한 마음에
화를 부르고 마네요

불쑥 튄 불이
나를 잡으러 오네요

작은 불로 불씨를 키고
날 키운 당신이
뚫어져라 볼 때는 언제고
눈부시다 고개를 돌리네

아아 아아
돌리네
아아 아아"
9,빨래방의 행복지기,김귀오,"24시 빨래방에 왔어요. 찌든 때 가득한 빨래들을 세탁기에 넣어 돌리죠.
물소리에 돌아가는 빨래를 보고 있으니 내 머릿속 찌든 것도 같이 함께 씻기네요.
시간은 더디게 흐르네요. 무심코 사진을 찍어 올려요.
누군가는 알은체를 해주죠. 고맙고 반가워요. 내 쓸쓸함이 사라지네요.
그대는 괜찮은가요? 혹시라도 잠 못 들어 힘들진 않나요.
불빛 켜진 창문을 찾아보아요. 안부 전해요
그대는 괜찮은가요? 혹시라도 홀로 있어 외롭진 않나요.
잠시 서로 안부인사 전해요. 다 괜찮다고.

오르막 길 위로 보이는 나의 집. 어서 오라고 내게 손짓하네요.
깨끗하게 세탁 된 이불을 펴요. 꽃향기가 너무 좋아요.
오늘 밤 나는 행복해. 이불속에 드러누워요.
향긋한 내음 콧속을 간지러요. 행복이 나를 품어요.
그대여 행복한가요? 혹시라도 울적해서 잠 못 드는 밤이면
24시 빨래방으로 달려가세요. 행복지기 되고 싶다면 나처럼
오늘밤도 괜찮은가요."
10,웃는 너의 모습,MOO SOO,"매일 그려보던
너의 옆에 내 모습들을
수 없이 연습한 나의
모든 행동과 말투

익숙했던 나의 행동도
모두 낯설어 져서
네 앞에서면
다 안다 생각했었던
내가 부끄러워져

환하게 웃는 너의 모습은
힘들던 나를 웃음 짓게 해
모든것이 너로 물들어갈때면
이 세상을 다 가진듯 해

환한게 웃는 너의 옆에서
너의 손 잡을 수 있게되면
사랑한단 말로는 부족할만큼
행복한 기억을 줄게요
우리의 날을


나의 어색한 모습들도
점점 익숙하지만
여전한 너의
웃음과 행동들만은
나를 설레이게 해

환하게 웃는 너의 모습은
힘들던 나를 웃음 짓게 해
모든것이 너로 물들어갈때면
이 세상을 다 가진듯 해

환한게 웃는 너의 옆에서
너의 손 잡을 수 있게되면
사랑한단 말로는 부족할만큼
행복한 기억을 줄게요
우리의 날을

앞으로의 우리가
너무 당연해지지는 않을까
시간에 무뎌질수록
설레였던 마음도
사라질까 두려워

환하게 웃는 너의 모습은
내가 널 처음만났던 날에
추억들을 고이접어 담아놓은
나만 아는 얘긴가봐요

환하게 웃는 너의 옆에서
너의 손 잡을 수 있게돼서
사랑한단 말로는 부족할만큼
행복한 시간만 줄게요
우리의 날을"
11,무뎌져가네,김정우,"소중했던 기억을 놓쳐버린 채
흘러가는 멍청한 일상 속에
의미 없는 만남과 공간들의
생각들이 날 갉아먹어

무뎌져가네 거친 숨소리가
무너져가는 멈춰버린 지금
빛 바래진 사진 내 어릴 적 모습엔
선명하지 않은 미소만이

벌거벗은 순수했던 아이는
하루빨리 어른이 되고 싶어
주윌 둘러싼 차가움에 맞서려고
더러워진 세상의 옷을
하나둘씩 답답하게
계속 껴입고선 결국

무뎌져가네 거친 숨소리가
무너져가는 멈춰버린 지금
빛 바래진 사진 내 어릴 적 모습엔
선명하지 않은 미소만이"
12,벚꽃피는벗,나무이젠(이정남:Namoo Lee J.N),"벚꽃 벚꽃 벚꽃이 활짝 피는 벗
마음에 입가에 벚꽃이 피네
벚꽃 벚꽃 벚꽃이 활짝 피는 벗
언제나 내 곁에 있어줘서 고마워요
힘이 들 때도 외로울 때도 널 생각하면
엔돌핀이 막 솟아나 더 잘 살고 싶어져
사랑한다 친구야 벗이여
널 만난 내 인생 언제나 봄이야
사랑한다 친구야 넌 나의 벗이야
소중한 내 벗이여
벚꽃 벚꽃 벚꽃이 활짝 피는 벗
영원히 내 곁에 있어주오 내 벗이여

벚꽃 벚꽃 벚꽃이 활짝 피는 벗
마음에 입가에 벚꽃이 피네
벚꽃 벚꽃 벚꽃이 활짝 피는 벗
언제나 내 곁에 있어줘서 고마워요
소중한 벗과 우정의 꽃을 피워 벗꽃이요
항상 니 덕에 봄이야 고마운 벗이여
사랑한다 친구야 벗이여
널 만난 내 인생 언제나 봄이야
사랑한다 친구야 넌 나의 벗이야
소중한 내 벗이여
벚꽃 벚꽃 벚꽃이 활짝 피는 벗
영원히 내 곁에 있어주오 내 벗이여"
13,그대 눈이 슬퍼보여,무적기타,"그대 눈이 슬퍼보여 한없이 기쁨 그눈에
눈물이 고여있어 그대 눈을 봐 슬픈눈을

그 어떤 웃음으로도 가릴 수 없어
하늘봐라 하늘봐라 꿈을 꿔라 그대여
하늘봐라 눈을 감아
이제는 편히 쉬어

하늘봐라 하늘봐라 꿈을 꿔라 그대여
하늘봐라 눈을 감아
이제는 행복한 꿈 꿔요
꿈 꿔요"
14,게으른 새는 꿈을 꾼다네,취향상점 (Tasty Shop),"눈을 떴다기엔
난 아직 꿈속에서 유영 중
분명 어젯밤엔
나 다른 삶을 살자는 다짐을

미안함은 많은 지각보단
내 인생에게 돌리는 것을
난 내 양심의 소리에 귀 기울이는 도망을

어른이라는 말은
이제 내겐 놀리는 별명일지
이 게으른 새는
꿈자리가 뒤숭숭 치는 않다네

미안함은 많은 지각보단
내 인생에게 돌리는 것을
난 내 양심의 소리에 귀 기울이는 도망을

아직이라는 변명도
언제쯤 멈출 건지
내일이 오기만을
힘써 기다리네

아직이라는 변명도
언제쯤 멈출 건지
내일이 오기만을
힘써 기다리네

아직이라는 변명도
언제쯤 멈출 건지
내일이 오기만을
힘써 기다리네"
15,돌아갈거야,심재준,"살면 살수록 알 수 없는 게 내 인생이라 하면
알면 알수록 알 수 없는 건 너의 마음이야
지쳐가는 내 모습이 너무 안타까워
더 이상 여기 머물 수 없어
나 다시 돌아갈 거야 내가 있던 곳으로
처음부터 다시 시작해도 좋아
나 다시 돌아갈 거야 내가 있던 곳으로
활짝 웃으면서 떠나갈 거야

살면 살수록 알 수 없는 게 내 인생이라 하면
알면 알수록 알 수 없는 건 너의 마음이야
변해가는 내 눈빛이 나를 슬프게 해
더 이상 여기 머물 수 없어
나 다시 돌아갈 거야 내가 있던 곳으로
처음부터 다시 시작해도 좋아
나 다시 돌아갈 거야 내가 있던 곳으로
활짝 웃으면서 떠나 갈거야

살면 살수록 알 수 없는 게 내 인생이라 하면
알면 알수록 알 수 없는 건 너의 마음이야
멀어지는 내 마음을 이젠 잡지 못해
더 이상 여기 머물 수 없어
나 다시 돌아갈 거야 내가 있던 곳으로
처음부터 다시 시작해도 좋아
나 다시 돌아갈 거야 내가 있던 곳으로
활짝 웃으면서 떠나 갈거야
나 다시 돌아올 거야 내가 있던 곳으로
활짝 웃으면서 돌아올 거야"
16,Woo,이은재,"새벽은 날 그저 지나치고
지세던 밤하늘은 더 잊혀지네
반갑지 않던 아침은 돌아오면서
지친 나는 도대체 어디에

스쳐지나가버린 날들을 탓하며
그저 잊혀지는 모든 것들을 위해서
잊을 수없는 너만을 바라보면서
그저 잊혀진 나를 떠올리네

Woo

망가진 바램들은 더 흐려지고
흘러 뭍힌 추억은 더 이상 없고
잊어버린 그 많은 기억들은 전부
내 머릿 속 틈 사이 어딘가에

Woo"
17,봄이라서 하는 말,음성사서함,"어느새 바람은 따스하고
가로등 불이 켜진
저기 작은 벤치에 앉아

사소한 얘기들과 
내 어색한 미소
사실은 난 말이야
너의 모든 게 궁금해

너도 이 노랠 듣니?
우린 참 닮은 점이 많네
우연치곤 신기하게

좋아하는 노래 가사를 흥얼대는
너의 모습에 내 마음은 떨려

혹시 너는 알까 내 마음을
안다면 어떻게 생각해
힐끗 바라본 너는 오늘도 예뻐서

지금 말해볼까 내 마음을
어쩌면 네게 부담이 될까 봐
준비했었던 말 끝내 못하는 나죠

너도 이 영활 봤니?
우린 참 비슷한 게 많네
우연치곤 신기하게

웃음기 없던 내 하루는
어느새 봄 햇살 같아져
너를 떠올리면

혹시 너는 알까 내 마음을
안다면 어떻게 생각해
힐끗 바라본 너는 오늘도 예뻐서

지금 말해볼까 내 마음을
어쩌면 네게 부담이 될까 봐
준비했었던 말 끝내 못하는 나죠

주말엔 뭐해 무심한 척 뱉은 말
사실은 매일 널 보고 싶단 말

혹시 너는 알까 내 마음을
안다면 어떻게 생각해
꽃잎이 흩날리는 서툰 나의 고백

지금 말해볼까 내 마음을
오래전부터 널 좋아했다고
농담처럼 건넨 봄이라서 하는 말
이미 다 알면서 웃고만 있는 너와"
18,얼죽아,임연,"차가운 바람이 불어와
소리 소문 없이 찾아온 너
바바리 가디건 꺼내 놓은지
3일만에 다시 창고행

추워도 너무 추워어
이럴땐 따뜻한 음료를 마셔야지

아냐 난 얼죽아 난 얼죽아
얼어죽어도 아이스를 마셔야겠어
손이 시려워 발이 꽁꽁꽁
그래도 얼죽아를 마셔야겠어

그래 난 얼죽아
난 얼죽아
얼어죽어도 아이스를 마셔야겠어
난 얼죽아

멋 부리다 죽어 그래서 나는 입어
근데도 너무 추워 따뜻한게 필요해
그 때 내 눈에 보이는 김 폴폴 나는

후 후루룩
하-따뜻하다

이제 아이스 시켜야지

그래 난 얼죽아
난 얼죽아
얼어죽어도 아이스를 마셔야겠어

손이 시려워 발이 꽁꽁꽁
그래도 얼죽아를 마셔야 겠어

그래 난 얼죽아 난 얼죽아
얼어죽어도 아이스를 마셔야겠어

난 얼죽아!"
19,정해놓지 않은 알람,환일,"우리 사이에 지나간 그 찰나의 시간들
마치 시간이 멈춘 듯 영원할 것만 같았고
하지만 이 시간들은 내게 알람을 울려왔고 ohoh
이제는 너와 나 더는 볼 수 없을 지도 몰라

당연한 듯이 있었던 그 모든 순간들
마치 초침같이 짧게 스친 시간들
우리 시간 끝엔 항상 이별이 찾아왔었고 oh
이번엔 널 꼭 붙잡고 놓치지 않을래

운명은 말없이 조용히 오고
우리는 수없이 순간을 놓쳐
마주 오는 기차처럼
우린 찰나 속에만 갇혀있네

우리 사이에 지나간 그 찰나의 시간들
마치 시간이 멈춘 듯 영원할 것만 같았어
하지만이 시간들은 내게 알람을 울려왔고 ohoh
우리는 언제쯤 서롤 다시 만날 수 있을까

이별이 올 걸 알면서 낭비가 된 시간들
어쩌면 이 모든 게 다 내겐 과분했던 걸까
우리가 떨어질 결말 밖엔 존재하지 않을까 oh
아무렇지도 않은 건 아닐 테잖아

운명은 바꿀 수 없게만 오고
우리는 수없이 결말을 부정해
돌아오지 않는 시간처럼
우린 운명으로부터 멀어지네

우리 사이에 지나간 그 찰나의 시간들
마치 시간이 멈춘 듯 영원할 것만 같았어
하지만 이 순간은 오래 가지 않았고 ohoh
우린 이 장면을 영원히 가질 수 없을까

마지막 순간
마주친 너의 얼굴
다 정해졌지만
바꾸고 싶은 마음
다 운명이라면
다시 만나
우리의 시간은 되돌릴 수 없네"
20,시청 앞 지하철 역에서,왁스,"시청 앞 지하철 역에서
너를 다시 만났었지
신문을 사려 돌아섰을 때
너의 모습을 보았지
발 디딜 틈 없는 그곳에서
너의 이름을 부를 땐
넌 놀란 모습으로 음음음
너에게 다가가려 할 때에
난 누군가의 발을 밟았기에
커다란 웃음으로
미안하다 말해야 했었지
살아가는 얘기 변한 이야기
지루했던 날씨 이야기
밀려오는 추억으로
우린 쉽게 지쳐갔지
그렇듯 더디던 시간이
우리를 스쳐 지난 지금
너는 두 아이의 아빠라며
엷은 미소를 지었지
나의 생활을 물었을 때
나는 허탈한 어깨짓으로
어딘가에 있을 무언가를
아직 찾고 있다 했지
언젠가 우리 다시 만나는 날에
빛나는 열매를 보여준다 했지
우리의 영혼에 깊이 새겨진
그날의 노래는
우리 귀에 아직 아련한데
가끔씩 너를 생각한다고
들려주고 싶었지만
짧은 인사만을 남겨둔 채
너는 내려야 했었지
바삐 움직이는 사람들 속에
너의 모습이 사라질 때 오래전
그날처럼 내 마음에는
언젠가 우리 다시 만나는 날에
빛나는 열매를 보여준다 했지
우리의 영혼에 깊이 새겨진
그날의 노래는
우리 귀에 아직 아련한데
라라라라라라라라"
21,알아야 할 것,유니커즈 (Uniquers),"따뜻했던 이 거리
또 식어버린
손끝을 쓰라린
너의 모든 것

그때 이 맘을 그대가
지금 이 맘을 그대가

알았더라면 너와의 추억이
깊었더라면 너와의 모든 게

그때 이 맘을 그대가
지금 이 맘을 그대가
그때 이 맘을 그대가
지금 이 맘을 그대가

알았더라면 너와의 추억이
깊었더라면 너와의 모든 게

좋았을 텐데 좋았을 텐데 좋았을 텐데
좋았을 텐데 좋았을 텐데 좋았을 텐데"
22,Winter Beach,Time2cook(타임투쿡),"파도가 품었던 순간
내 눈동자에 그린 너의 모습들
우리는 함께 있었지
스치는 손 끝이
따스한 설렘에 녹았어

눈이 내리고
시간이 멈춘 듯이
얼음 조각처럼 빛나던 순간과
영원할것만 같았던
다시 만난 바다는 썰렁

지난 날 들처럼
그때 우리처럼
불어 불어 차가운 모래가

지난 날들 속에
희미한 기억들은
푸른 바다 위 내린 눈처럼

그대 어떤가요
아직 그 밤을
서로의 손을 마주잡고
어둠 속에서 속삭이던 날
그댄 기억하나요

부서진 모래 위
남아있는 발자국
무심코 따라가
혹시 그대도
날 찾은건 아닐까요
한참을 서성여도
썰렁

다가와 내 품으로
하얀 겨울바다 위에서
우리는 춤을 췄어 (사랑을 했어)
그댈 그리워하는 난 여기 남아

지난 날 들 처럼
그때 우리처럼
불어 불어 차가운 모래가

지난 날들 속에
희미한 기억들은
푸른 바다 위 내린 눈처럼"
23,숲길에서,날꿈밴드,"안개가 뒤덮힌 숲길을 따라
흐르는 물소리 스산한 바람
희뿌연 새소리 내 눈을 스치고
바위와 나무가 보이는 풍경

한참을 앉아서
저 먼 산봉우리를 본다
아무런 생각이 없는 듯 아무런 느낌이 없는 듯
그냥 공허로운 메아리를 꿀꺽 삼켜 본다

바위같은 인생을 살아가야지
나무같은 인생을 살아가야지
안개가 서서히 걷힐 때
그제서야 자리에서 일어선다

내 마음을 들여다보며
내곁에서 사라지는 것들과
내곁에 남아있는 것들을
다시금 생각하며

나를 나로 바라보며 내가 나를 바라보며
나를 내가 바라보며
나를 보며 하늘과 손을 맞잡는다
세상은 그렇게 흘러간다
세상은 그렇게 흘러간다 세상은 그렇게 흘러간다

안개가 사라진 숲길을 따라
흐르는 물소리 시원한 바람
하얀 새소리 내 귀를 스치고
바위와 나무가 보이는 풍경"
24,봄,이효정,"언제부터였는지
자꾸 아른거렸죠
두근두근 설레어
잠 못 들었던 밤
그대 문자 소리에
핸드폰만 바라보며
시간 가는 줄도 몰랐죠

내 작은 마음이
이렇게 커버렸는지
이제는 그대가
내 옆에 꼭 있어줘요

그대의 두 손을 잡고 걸어가
싱그런 봄바람 가득 싣고서
같은 마음, 같은 곳을
바라보고 있는 걸

언제나 나를 보며 미소 짓는
그대의 설렘 가득한 마음에
난 오늘도 어제보다
더 떨리는 걸

언제부터였는지
따스히 안아준 너
두근두근 설레어
잠 못 들었던 밤
그대와 전화 속
밤새 넘쳐나는 이야기들에
시간 가는 줄도 몰랐죠

내 작은 마음이
이렇게 커버렸는지
이제는 그대가
내 옆에 꼭 있어줘요

그대의 두 손을 잡고 걸어가
싱그런 봄바람 가득 싣고서
같은 마음, 같은 곳을
바라보고 있는 걸

언제나 나를 보며 미소 짓는
그대의 설렘 가득한 마음에
난 오늘도 어제보다
더 떨리는 걸

나란히 그대와 맞춰 걸어가
구름 위를 걷는 기분이 이런 걸까

따사로운 봄 sunshine
너와 나 it's right now
Our love is overflowing

그대의 포근한 품에 안기면
싱그런 봄바람 살랑 불어와
같은 마음, 같은 곳을
바라보고 있는 걸

사랑해 내게 속삭여 줄 때면
두 손을 꼭 잡고 내게 약속해
날 오늘 더 내일 더
사랑해 줄 거라고"
25,아쉬움,장끼전,"헤어져야 할 때
왠지 돌아서지지 않는
이 안타까움 때문에
자꾸만 멈칫거리게 되네

헤어져야 할 때
그저 바라보기만 하는
이 가슴 아픔 때문에
난 움직일 수가 없네

무언가 할 말을 잊은 것도 같은데
무언가 내 무엇을 줘야할 것만 같은데
바보같이 그녀의 뒤로 흩어지는
아카시아 향기만 좇고 있어

지하철로 내려가는 내 주위로
그녀의 향기가 감돌고
집에 돌아와 잠자리에 누울 때조차
내 곁에서 떠나지 않고 있네

헤어져야 할 때 그 아쉬움을
꿈속에서라도 이어
그대 눈 속에 비치는 내 모습을
확인하고 싶어지네"
26,왜 내 눈물을 닦아주나요,김눈물,"왜 내 눈물을 닦아줬나요
그대를 떠나는 나인데
차라리 화를 내지 그랬어

왜 그대는 울기밖에 못해요
화내는 법을 알려줬잖아
내겐 왜 써먹지 못해요

아직도 잊혀지지 않아요 그때의 장면이
하염없이 흐르던 그대의 눈물이
이제와서 후회해도 소용없지만
돌아가고 싶어요
돌아가고 싶어요

왜 그댈 잃어야만 아는지
내겐 너무 소중한 그대란걸
oh 왜

아직도 잊혀지지 않아요 그때의 장면이
하염없이 흐르던 그대의 눈물이
이제 와서 후회해도 소용없지만
돌아가고 싶어요
돌아가고 싶어요

그땐 내가 정말 미쳤었나 봐요
정말 그대를 잃고 싶지 않아요
사랑하지 않는다는 말은
다 거짓말이에요

아직도 잊혀지지 않아요 그때의 장면이
하염없이 흐르던 그대의 눈물이
이제 와서 후회해도 소용없지만
돌아가고 싶어요
돌아가고 싶어요"
27,부유 (float),이신혁,"하찮은 시간이 되어보는 것도
좋을 것 같애
이미 누웠는데 이리 넘어올래
그냥 여기서 놀게

사실 우린 많이 게을러
모여도 조용한 바보들의 밤
어딘가 불 켜진 창문 지금
여긴 다 붕 뜬 사람뿐
아무도 모르게 시작되는 춤

It’s Gonna Be

벌써 재밌는데
뭘 더 하려고 해
평소답지 않게

골목식당 늘어선 줄
무서워라
우린 큰길로만 걷자
행인 1로 녹아들어

이 넓은 체인 체인
체인점의 숲속에서
이 넓은 체인 체인
체인점의 숲속에서

사실 우린 제법 시시해
입이 짧아 배부른 바보들의 밤
별은 차고 달은 기울고
지금 여긴 다 바닥에 스미고
서로의 살을 떼지 않고 추는 춤

It’s Gonna Be"
28,"My Daughters, My Joy",고3 형민,"주걱에 붙은 밥 온 볼에 발라가며 떼어먹던 딸
퇴근하면 어깨 위에 올려놓고 눅 놀았던 딸들
손톱에 얼굴 긁혀도 앙증스러웠던 딸
유치원 앞 헤어질 때 걱정 말란 표정으로 방긋 웃어주던 딸

울지 않기로 약속하고 공기놀이하곤 꺼이꺼이 울던 딸
한여름 밴쿠버 가족 여행 저절로 핀 딸들

이승환 콘서트 매화꽃 딸 생뚱 유학 내내
하늘하늘 옷 한번 못 입힌 딸들
태생적으로 마음 아픈 사람 헤아릴 줄 아는 딸들

쓰러져자다가 은근살폿 문간 빠져 출근하는 딸들
국제 디베이트 대회 대상 받은 모 과꽃 예쁜 딸

중학 입학식 때 수백 명 전교생 앞에 서서
깜찍 선서한 딸
홀연 미국 유학 길 초롱꽃 예쁜 딸

Just like this no more no less my daughters
In your smile, my love’s unfurled
All my daughters light up my would
In your eyes I see the stars

Just like this no more no less my daughters
In your smile, my love’s unfurled
Underneath the starlit skies
Every moment, a sweet surprise

Just like this no more no less my daughters
In your smile, my love’s unfurled
All my daughters light up my would
And fill my life pure delight
All my daughters light up my would
My Daughters, My Joy"
29,둘이서 콩깍지,마음과 마음,"우리둘이 함께 살면
누구보다 어울릴꺼야
처음부터 반해버린 내 심장이
쿵쿵 뛰던 그날

넓고 넓은 세상에서
많고 많은 사람들중에
사실은 이상형은 아니였지만
왠지 니가 좋더라

언젠가는 익숙한 일상에
서로가 시들할때

잠시 눈을 감고
뒤 돌아 본다면
따뜻한 미소로
살며시 웃게 될거야

소슬바람 불어와도
따뜻하게 감싸줄거야
둘이서 단둘이서 만들어가는
인생극장 개봉박두

언젠가는 주름진 얼굴로
거울 보기 싫을때

아직 당신 예뻐
아직 당신 멋져
그 누가 뭐래도
둘이서 행복 할거야

아직 당신 예뻐
아직 당신 멋져
평생을 그렇게
콩깍지 쓰고 살거야

난 너만 사랑 할거야"
30,Bad Ending,Minsung (민성),"다 가만 안 둘 거야
내게 모질게 했던 사람들
어른이 돼보니
이건 생과 사의 문제더라

내가 뭘 잘못했는데
난 그냥 니들이 너무 좋았어
좋아했던 게 죄니깐
뒤끝이라고 부르진 않을게

Bad ending
Perverted ending
A sad ending too

Bad ending
No happy ending
Bye bye bye bye bye

Bad ending
Perverted ending
A sad ending too

Bad ending
No happy ending
Bye bye bye bye bye

모두 기억할 거야
내게 모질게 했던 사람들
어른이 돼보니
악몽이 되어서 날 괴롭혀

내가 뭘 잘못했는데
난 그냥 행복하고 싶었어
행복이 죄니깐
뒤끝이라고 부르진 않을게

Bad ending
Perverted ending
A sad ending too

Bad ending
No happy ending
Bye bye bye bye bye

Bad ending
Perverted ending
A sad ending too

Bad ending
No happy ending
Bye bye bye bye bye

Bye bye bye bye bye
Bye bye bye bye bye
Bad Ending"
31,쉬는 날 (feat. 0do),Like June,"햇살이 눈부셔 눈뜬 아침에
오늘은 쉬는 날 할 일이 없어

한참을 멍하니 바라봐
바싹 말라버린 화초와
식탁 위 가득 쌓아올린
컵라면 용기와 아이스크림 껍질

괜찮아 오늘은 쉬는 날이야
괜찮아 내일도 쉴 테니까

우우우우 음음음음
워어오우 우우우

햇살이 따가와 지친 오후에
오늘은 노는 날 할 일이 없어

한참을 멍하니 헤매다
바싹 말라버린 이상과
휴지통 가득 쌓아올린
희망과 용기와 자존감의 껍질

괜찮아 오늘은 쉬는 날이야
괜찮아 내일도 쉴 테니까
괜찮아 오늘은 쉬는 날이야
괜찮아 내일도 쉴 테니까

우우우우 음"
32,그때처럼 (Feat.쥬디 (JudY)),빕어,"그때 우리 처음 만났을 때처럼만
다시 날 떠올려준다면
언제라도 같은 곳에서
널 만날 때까지 기다릴게

다시 마주친 것 같아
우린 아직 못 잊을 것 같아
내가 하늘에 날렸던 노래같이
또 어느 누가 나를 궁금해할까

움츠러든 목소리에
개운한 비가 내리면
너를 만났던 그때처럼
다시 펼쳐질 거야

내게 부는 바람이
떨려오는 네 목소리와 같아도
모른척할 걸 알아
그 때로 돌아갈 것만 같아

가만 일렁이는 소리
향기를 머금고 있지만
어쩌다 나에게 닿는다면
끝까지 서있을게 그때처럼

다시 마주친 것 같아
우린 아직 못 잊을 것 같아
내가 하늘에 날렸던 노래같이
또 어느 누가 나를 궁금해할까

내게 부는 바람이
떨려오는 네 목소리와 같았더라도
모른척할 걸 알아
그 때로 돌아갈 것만 같아

가만 일렁이는 소리
향기를 머금고 있지만
어쩌다 나에게 닿는다면
끝까지 서있을게 그때처럼

랄라라라 라라
닷다라라 라라라 라라
라라라라 랄라라리 랄라라
라라라 라라 라라

가만 일렁이는 소리
향기를 머금고 있지만
어쩌다 나에게 닿는다면
끝까지 서있을게 그때처럼

언제라도 같은 곳에서
널 만날 때까지
기다릴게"
33,산수유 (Feat. 김상준),황인웅,"추운 겨울이 가고
봄이 도착할 무렵 피는
노란 산수유 꽃을 아니

벚꽃을 기다리는 너에게
산수유는 이미 봄을
준비해놨단다

지리산 자락 작은 마을
노랗게 물들은
산수유 꽃의 봄이 궁금하지 않니

그래 구례에 가보자
섬진강 굴에
산수유 막걸리 한잔 마셔보자

노란 산수유 꽃 사이
너의 미소
유독 아름다워라

그래 구례에 가보자
우리 모두 함께
일상의 굴레를 벗어 던지고
산수유 꽃에 섬진강 굴에
같이 마실래 산수유 막걸리
힘들었던 일상을 잠시 뒤로 하고
산수유 꽃 사이 너를 바라보며
나는 하루 종일 웃을래 아무 생각 없이
하루 종일 웃을래 아무 걱정 없이

만개한 산수유 꽃 사이
피어 있는 너의 미소
이 순간 영원 하여라

그래 구례에 가보자
섬진강 굴에
산수유 막걸리 한잔 마셔보자

노란 산수유 꽃 사이
너의 미소
너무 아름다워라

글에 구례를 써보자
섬진강 구례
혼자 알기엔 너무 아쉽구나

노래로 구례를 부르자
지리산 구례
산수유 노래 부르자
구례를 부르자"
34,네가 외출한 사이,조형우,"빈집에 앉아
홀로 생각했어
벌써 네가 조금 보고 싶어서
아까는 그래 나 인정할게
혼자 집에 남아서 좋았어

생각해봤어
네가 이 집으로
다시 돌아올 수 없게 되면
난 알게 되지 그럴 때 마다
나는 너를 사랑하는 거야

TV속 영화의
마지막처럼
너를 놓치고 싶지는 않아
아 이제야 깨달았어
네가 외출한 사이
I’ve fallen in love with you

우스꽝스런
우리 늘 추는 춤을
다신 함께 출 수 없게 되면
난 알게 되지 그럴 때 마다
나는 너를 사랑하는 거야

TV속 영화의
마지막처럼
너를 놓치고 싶지는 않아
아 이제야 깨달았어
네가 외출한 사이

매일 너와 아침산책을 하고
더 좋은 집에 가서도 살고 싶어
편의점에 가서 과자를 사오고
사람들을 초대해 놀고 싶어
모두가 내 노랠 듣게 되었을 때
네가 내 곁에 있어줬음 싶어

내 품에 안겨
잠든 너를 봐
이젠 너에게 말해야겠어
I’ve fallen in love with you"
35,레몬,신인서,"노랗게 물들었던
나의 날들이 저물어가면
아무 미련도 없이
계절의 반을 접어둘 거야

아름다울까, 그 저편에서는

때늦은 불빛처럼 어느 순간 속에 난 서 있을 거고
그대가 좋아했던 어린 마음들은 둥글어질 거야

액자 속 그림처럼
기억을 잠시 넣어놓으면
새소리 머무르는
싱그러운 곳에 걸어둘 거야

그럼 하루가 조금 닳을 때까지
우리 멈춰있자

때늦은 불빛처럼 어느 순간 속에 난 서 있을 거고
그대가 좋아했던 어린 마음들은 둥글어질 거야

푸르른 모습에는 우리 사랑마저 꿈결 같았어도
푸르른 모습에는 우리 사랑마저 꿈결 같았어도

놓지 않을거야
놓지 않을거야"
36,잊혀진 노래,쏘망 (50mang),"희미하게 들려오는
그리운 (누군가의) 노랫소리

바람결에 (노래가)
흩날리며 (저 멀리)
사라지는
(그날의)
노랠 부르네
(선율도) 가사도 희미하지만
(그날을)노래하네
(잊혀진 노래를)
잊혀진 그리운 무언가를

그날도 이런 (따스한) 바람이 불었던가
(어릴 적) 내 손을 잡고
(꿈을) 노래하던
너를 부르네
(모습도) 이름도 희미하지만
(그날을) 노래하네
(잊혀진 노래를)
그리운 무언가를"
37,시간표,인성,"아니 도대체 왜 이런
시련이 내게 주어진지 모르겠어 난
그저 수강 정정 기간에 정정한 것뿐
뻔뻔하지도 않았는데 말이야.

너무 큰 욕심인 건가
오후 등교는 꿈꿀 순 없는 걸까
월화수목금 1교시 수업
이게 고등학굔지 대학굔지 전혀 모르겠어
이건 진짜 말도 안 되잖아

누가 시간표 좀 바꿔줘 제발
무슨 생각으로 짰는지
아침형 인간도 아니고 이런 매일 반복되는 출근길
분명 출발시간이 아닌데 왜
당신은 먼저 떠나가는지
꿈이라고 해줘 한 번만 아니
이건 진짜 말도 안 되잖아

딱딱해져 버린 시간과 함께
벙쪄있는 내 얼굴을 보고
멈칫하며 네가 하는 말
후두둑 떨어지네 절망적이다. 사람 얼굴 같아
금요일은 어떻게 이건 아니지
화요일 눈물 나
관심은 고맙지만
동정은 필요 없어 그저 시간을 되돌려주길 이건 진짜 말도 안 되잖아

누가 시간표 좀 바꿔줘 제발
무슨 생각으로 짰는지
아침형 인간도 아니고 이런 매일 반복되는 출근길
분명 출발시간이 아닌데 왜 당신은 먼저 떠나가는지
꿈이라고 해줘 한 번만 아니
이건 진짜 말도 안 되잖아"
38,사랑하는 우리 가족,토끼양,"함께 있으면 행복해
함께 있으면 행복해
가끔은 싸우고 토라져도
함께 있으면 행복해

고마운 나의 사랑
소중한 나의 사랑
가끔은 속상해 눈물이나도
함께 있으면 행복해

언제나 곁에있어요
언제나 당연하게요
언제나 함께해요 사랑하는 우리 가족


함께 있으면 행복해
함께 있으면 행복해
가끔은 싸우고 토라져도
함께 있으면 행복해

고마운 나의 사랑
소중한 나의 사랑
가끔은 속상해 눈물이나도
함께 있으면 행복해

언제나 곁에있어요
언제나 당연하게요
언제나 함께해요 사랑하는 우리 가족

언제나 곁에있어요
언제나 당연하게요
언제나 함께해요 사랑하는 우리 가족
사랑하는 우리 가족
사랑하는 우리 가족

함께있으면 행복해
함께있어서 행복해"
39,적당한 사이 (At arm's length),주성,"너와 내 사이
거리 얼마나 될까
감이 안 잡혀
모르겠어

다들 각자의 시간
필요하다 해
나도 그중 하나인데
왜 자꾸 서운한 건지

모르겠어
어떻게 해야 하는 걸까
손 내밀면
더 멀어져가

피곤해 요새는
연락하는 것조차도
조금 멀어져 살고 싶어

나만의 시간
필요한 걸 잘 알지만
문득 외로워지는
내 마음을 모르겠어

알려줘
나 어떻게 하면 될까?
웃어 봐도
난 불안해져

사랑받고 싶을 뿐인데
다들 똑같을 텐데
알수록 더 초라해지네

걸음이 더딘 표현에
다가가고 싶은 마음
또 달아나고 싶은 마음

적당한 사이 그 안에서
상처받기 싫은 이기적인 나
이런 맘을 알아줘

누군가를 안아주기엔
아직 내겐 사랑이 더 필요해

사랑받고 싶을 뿐인데
다들 똑같을 텐데
알수록 더 초라해지네

걸음이 더딘 표현에
다가가고 싶은 마음
또 달아나고 싶은 마음

사랑 그냥 주면 되는데
다들 기다릴 텐데
왜 늘 외면 했을까

걸음이 더딘 표현에
다가가고 싶은 마음
또 달아나고 싶은 마음"
40,My Little i,률희,"유리창 너머
마주치는 시선이 난 좋아
또 한 걸음 건너
맞춰지는 이 간격이 좋아
서투른 맘의 테두리에
꼭 들어 맞지는 않더라도
이 모든 것이 난 좋아
누구의 품에
안겨 있는 나를 눈에 담고
한 겨울의 숲에
서성이던 나의 눈을 감아
서서히 맞춰 올라가다
또 혼자서 머무르더라도
이 모든 것들이 난 좋아
Oh way
Sta bi rit sta bi rit da
Oh way
Oh way oh way oh
Sta bi rit sta bi rit da
Oh way
Sta bi rit sta bi rit da
Oh way
Oh way oh way oh
Sta bi rit sta bi rit da
툭 떨어져
닳아버린 가방 끈을 잡고
다시 톡 그려내
잃어버린 무언가를 찾으려
서글픈 맘을 다잡아
한 자씩 써 내렸던 날
이 어떤 것도 난 다
문득 밤새 고민하다
잠든 새 마주친 작은 I
줄곧 넌 깊이 울음 참다
또 멀리 떠나가려 하나
괜찮아 My Little i
움츠린 모습까지
널 내려놔
이제야 널 알아본다
오래 걸린 만큼
너무 아파왔던 i
고마워 My Little i
잊혀진 모습까지
전부야 나
이제는 널 안아본다
오래 견딘만큼
이젠 괜찮아 My i
Oh way
Sta bi rit sta bi rit da
Oh way
Oh way oh way oh
Sta bi rit sta bi rit da
Oh way
Sta bi rit sta bi rit da
Oh way
Oh way oh way oh
Sta bi rit sta bi rit da
괜찮아 My Little i
움츠린 모습까지
널 내려놔
이제야 널 알아본다
오래 걸린 만큼
너무 아파왔던 i
고마워 My Little i
아팠던 모든 순간
잊지 않아
이젠 너를 편히 놓아
오래 견뎌왔지
이젠 너를 담아 i
Oh way
Sta bi rit sta bi rit da
Oh way
Sta bi rit sta bi rit da
Oh way
Sta bi rit sta bi rit da
그때의 너가 참 좋아"
41,늦은 밤 운동,조소현,"새로 사귄 너의 여자친구
저번 걔보다 별로야
넌 좀 따끈하고 말랑말랑한
착한 여자랑 잘 어울려

이제는 여잔 관심 없다면서
어디서 자꾸 나타나
나도 그냥 아는 여자 사람 말고
격하게 엮이고 싶어

여자사람 친구 말고
네 여자친구는 어때
난 게임도 운동도 늦은 밤 야식도
오히려 좋아 call me baby

연애보다 운동이 먼저라고
오늘도 헬스장 출석
일찍 잠도 못 자 피곤하다며
밤마다 운동만 하네
나랑 늦은 밤 운동은 어때

여자사람 친구 말고
네 여자친구는 어때
난 게임도 식단도 늦은 밤 운동도
오히려 좋아 call me baby

하필 널 좋아해서
다 알고 있으면서
언제까지 날 외롭게 놔둘 거야
이제는 만나볼까

여자사람 친구 말고
네 여자친구는 어때
난 게임도 식단도 늦은 밤 운동도
오히려 좋아 call me baby
오늘도 좋아 call me baby"
42,우리의 사랑은 불안하고 영원할거야 (Feat. 임유정),고경빈,"그때 말하지 못한 맘이 있어
해가 하루를 등져 넘어가고

이제는 네 뒷모습이 아파지곤 하지
그래도 난 너를 부를래
단잠 뒤에 숨겨놓은 악몽을 꿨지만
그래도 난 너랑 잠들래

아 우리의 시간들은 불안하고 영원할 거야
모든 밤 모든 아침 너와 함께할게

외로운 밤 흐트러져 울고
가녀린 불빛에 몸을 기대어
젖은 눈이 우리의 거리를 속여도
너의 손을 잡을게

달은 또 해를 훔쳐 저 멀리 달아나도
작은 여운을 남겨줄게
아침이 영원히 우리에게서 멀어져도
너의 추운 밤을 안아줄게

아 우리의 시간들은 불안하고 영원할 거야
모든 밤 모든 아침 너와 함께할게

우우우 우우 우우 우우
우우우 우우 우 우우우우
우우우 우우 우우 우우
우우우 우우 우 우우우우"
43,일상의 미,심가원,"아름답지
너와 내가 피워낼 꽃
평범하게 살아가는 순간

지금뿐이지
소중한 건 곁에 있어
머나먼 곳에 마음 두진 말자

사랑스러운 몸짓들
자유로이 춤추는 영혼들
잊지 말고 두 눈에 담아보자

바다는 여기 있어
따뜻한 사람들 품과
나를 위해 차린 식탁
똑같지만 조금 (다른 하루)

행복은 여기 있어
흔들리는 나뭇잎과
내가 밟고 서 있는 땅
숨 쉴 수 있게 하는 공기 yeah

삶이 너를 아프게 할지라도
너무 젖어들지는 말자
가랑비는 언제든 그치게 돼있으니

바다는 여기 있어
따뜻한 사람들 품과
나를 위해 차린 식탁
똑같지만 조금 (다른 하루)

행복은 여기 있어
흔들리는 나뭇잎과
내가 밟고 서 있는 땅
숨 쉴 수 있게 하는 공기 yeah

세상은 여기 있어
뒤에서 나를 비춰주는
환하게 웃음 지어주는
어둠 속에서 빛나는 영혼들"
44,곁눈질,임유하,"우리 둘 사이에 놓여진 찻잔만 보고 있어
화난 너의 기분 풀어줄 한 마딜 생각하며
금세 살이 쪄버린 걸까 무거워진 눈꺼풀을
간신히 들어 올려봐도 너의 눈까지 가지 못해

수줍어서 똑바로 쳐다보질 못해서 곁눈질로 널 보던 내가
민망해서 사과 한마디 하지 못하고 망설이다 네 눈치만 보고 있어

설레임 가득했던 나의 눈빛이
어느새 눈치만 오 차가워진 우리 사이
미안해 내가 많이 변한 것 같아
처음으로 다시 돌아가 볼게

고개 숙인 채 핸드폰만 만지작거리다가
일그러진 시선 속으로 울고 있는 네가 보여
무슨 말을 해야 하는지 어떻게 해야 할지
사실 모두 알고 있지만 차마 널 안아 줄 수 없어

수줍어서 똑바로 쳐다보질 못해서 곁눈질로 널 보던 내가
민망해서 사과 한마디 하지 못하고 망설이다 네 눈치만 보고 있어

설레임 가득했던 나의 눈빛이
어느새 눈치만 오 차가워진 우리 사이
미안해 내가 많이 변한 것 같아
처음으로 다시 돌아가 볼게

사랑한다고 했던 내 고백들이
말뿐이 돼버린 지금 이 순간
마지막으로 내게 기회를 줄래
처음으로 다시 돌아가 볼게"
45,지금을,선경,"어느덧 해는 기울고 이제는 세상이 조금 덜 선명한 것 같아.
두근대던 심장은 점점 더 천천히 뛰고 가끔은 걸어.
물속에서 헤엄치기보다 물 위에 떠가는 구름을 보고 싶어.
아름다움을 손에 쥐기 보다 조금 더 많은 아름다움 곁에 머물고 싶어.
앞으로 가는 만큼 지나 온 시간들은 지워지고
다가올 순간들은 지나온 순간보다 아름다울까.
어디에도 의미는 있지만, 무게는 서로 다르고,
붙잡는다고 해도 그건 그저 내 마음대로 부서뜨린 조각일 뿐,
내 멋대로 칠해버린 색일 뿐, 기억일 뿐. 그것마저도 변하네.

그러니, 조금만 더
조금만 더 지금을"
46,우리는 사랑하지 않아도 살아갈 수 있을지 몰라요 (이화섭),이영원,"우리는 사랑하지 않아도 살아갈 수 있을지 몰라요
안 보이면 사라지는 꿈 같은 얘기도 다 괜찮을지 몰라요
비좁고 어두운 벽 나란히 맞댄 얼굴도
천장에 가둬둔 모르는 내 사랑도
유연한 시간에 우리 몸을 맡겨요
머무는 날들은 걱정말고

상처를 안고 사랑하세요
지난 모습은 내버려두고
상처를 안고 계속 살아가세요
미움과 사랑을 가득 품고

짓눌린 평온함 껴안은 슬픔과
어루만지고 싶은 손목들
허물고 싶은 저 높은 담장에
소리 없는 많은 사람들

실패한 구원과 날 위한 용서들
촌스런 그 말들까지도
너무 닮아 있는 미움과 사랑에
잃어가는 많은 사람들

과거와 미래에 죽은 그 몸들과
덧대어지지 않는 지금도
무너져버린 저 많은 세상과
이미 가벼워져버린 무게도

다 사랑해요..."
47,인간쓰레기,천진우,"빨리 늙고 싶어요
젊다는 건 너무도 가혹해
아름다운 땐가요
이젠 정말 못버티겠어요

무능력한 젋음은
인간쓰레기죠
분리배출 하려면
어디로 가야하나요

타는 쓰레기는 종량제 봉투 담아서
묶어서 버리세요
나도 쓰레긴데 불꽃은 이미 꺼졌죠
어떻게 버리나요
내 하루가
일주일이
또 한달이
아님 일년이
토쏠리게 쓸모 없어서 너무 슬퍼요
불이 붙질 않네요

의욕없는 젊음은
인간쓰레기죠
노력하면 될까요
근데 언제 까지죠

타는 쓰레기는 종량제 봉투 담아서
묶어서 버리세요
나도 쓰레긴데 불꽃은 이미 꺼졌죠
어떻게 버리나요
내 하루가
일주일이
또 한달이
아님 일년이
토쏠리게 쓸모 없어서 너무 슬퍼요
불이 붙질 않네요

빨리 늙고 싶어요
젋다는 건 너무도 끔찍해
아름다운 땐가요
이젠 슬슬 한계가 보여요"
48,울타리,sannie (산희),"오늘의 넌
울타리에 갇힌 초원처럼
나를 보며 우네

세상에는 아름다운 영혼이 참 많아
상처받아 일그러진 얼굴들 사이
아는 눈이 보이면 난 슬퍼

So dance
Dance with me tonight
Dance with me tonight
Dance with me tonight

Dance with me tonight
Dance with me tonight

어제의 난
울타리에 갇힌 바람처럼
너를 보며 우네

세상에는 아름다운 영혼이 참 많아
상처받아 일그러진 얼굴들 사이
아는 눈이 보이면 난 슬퍼

So dance
Dance with me tonight
Dance with me tonight
Dance with me tonight

Dance with me tonight
Dance with me tonight

아아
아아
아아
아아

아아
아아
아아
아아"
49,과장님께,Austen Cloud,"저기요 김과장님 뭐가 잘못됐나요
어깨 툭 치지 마세요 무시하지 말아요
저기요 김과장님 뭐가 문제인가요
정확하게 말해요 왜 아무 말이 없나요
차라리 소리를 질러요 괴롭길 바라나요
목적을 달성했네요 더 이상은 참기 힘들어
그래도 버틸 거에요 왜 수군수군 웃나요
뒷담화로 하는 말들이 다 들리는걸 아나요
저기요 김과장님 제발 그만하세요
그 만큼 했으면 충분하지 않나요

저기요 김과장님 이제 알 것 같아요
처음부터 이 곳에 맞지 않았다는 걸
저기요 김과장님 난 그럭저럭 살아요
다시 시작하기엔 별다른 재주도 없어요
너무 늦었잖아요 나가길 바라나요
정당한 사유가 뭔가요 지방으로 보낼 건가요
그래도 버틸 거에요 악플을 왜 쓰나요
말로는 부족한가요 그래도 무너지지 않아요"
50,사랑해 주세요 그리고 버려요,김사월,"사랑해 주세요 그리고 버려요 내 행복을 위해
사랑해 주세요 그리고 버려요 내 행복을 위해
난 사랑받지 못하는 허영이 있어요
나를 버리면 나는 행복해질걸요

사랑해 주세요 그리고 버려요 내 행복을 위해
사랑해 주세요 그리고 버려요 내 행복을 위해
난 사랑받지 못하는 허영이 있어요
나를 버리면 나는 행복해질걸요

난 사랑받지 못하는 허영이 있어요
나를 버리면 나는 행복해질걸요"
51,나무,미오씨 (Mio Si),"건조한 너와 너의 초록을 사랑해
나보다 훨씬 축축한 혀가 부러워
음악을 틀어 나는 느려서 재밌어
해야하는 일은 나른하고 쉬워져

차가운 코끝이 모서리를 스치면
젖은 밑으로 기어서 들어오렴
마음에 드는 소란을 피우는 일
일그러진 너의 얼굴을 보는 일"
52,여전히,하이투힘 (Hi to him),"여전히 우린 지난날에 뜨거웠던 여름
철없었던 시절 그때 우리
여전히 나는 그 시절을 기억하고 있어
너도 기억할까 그때 우리

우 기억하고 있을까
우 아직 남아 있을까
희미해진 골목길에 그 낙서

여전히 우린 지난날에 뜨거웠던 여름
철없었던 시절 그때 우리

우 기억하고 있을까
우 아직 남아있을까
희미해진 골목길에 그 낙서"
53,궁상,빕어,"아무도 가지 못한
길목 사이로 Yeah
나 혼자 걸어갈 때
뒤따르는 나의
발자국 소리까지
시끄럽게 들리는 듯해
듣거나 본적 없는
외딴 곳으로 yeah
내 발이 향했을땐
앞장 선 내가
불안하기는 하더라도
구태여 말리진 않았네
어째 나 빼고 전부 다
별 고민 없이 살다가 또
별 생각 없이 걸어가
내가 너무 예민한건지 모르겠지만
습관처럼 굳어진 행동거지
사실 알고도 모른척했건거지
난 뒤쳐진 내가 불안하기는 하더라도
말리진 않았네
괜한 욕심으로
번지기라도 할까봐
다 내 탓으로
돌려왔던건지는 나도 모르겠지만
모르겠지만
모르겠지만
아무도 가지 못한
나 혼자 걸어
뒤따르는 나의
시끄럽게 들리는 듯"
54,Again 대전부르스,리버티 기타 (Liberty Guitar),"잊을거라면 다시오지 않았어
우리 소중했던 사랑이 너무 생각이나서
잊을거라면 노래 부르지 않았어
너와 같이걷던 그길의 추억의 흔적들

잊을거라면 다시오지 않았어
우리 가슴아픈 이별이 너무 생각이나서
잊을거라면 노래 부르지 않았어
서로 돌아오지 못했던 이곳의 사랑 찾아서

잊혀질것 같지만 영원히 남을 우리함께 부르던 대전의 부르스

잘있거라 나는간다 이별의 말도 없이
떠나가는 새벽열차 대전발 0시 50분

잊을거라면 다시오지 않았어
우리 가슴아픈 이별이 너무 생각이나서
잊을거라면 노래 부르지 않았어
서로 돌아오지 못했던 이곳의 사랑 찾아서

잊혀질것 같지만 영원히 남을 우리함께 부르던 대전의 부르스

잘있거라 나는간다 이별의 말도 없이
떠나가는 새벽열차 대전발 0시 50분
잘있거라 나는간다 이별의 말도 없이
떠나가는 새벽열차 대전발 0시 50분"
55,두 눈을 감았지,히제,"휘청이며 춤을 추는 연약한 불씨에
희미하게 비춰지는 그대의 얼굴
가만히 소리 없이 바라보던
내 맘의 고요한 일렁임 사이에서
억지로 난 억지로
눈을 감을 수밖에 없었지
영원히 사랑하는 건 아닐까
못 본 척해도 그댈
영원히 사랑하게 될까 봐
덜컥 겁이 나서
가진 것 없이 초라한 나에겐
그대의 이름도 부를 수가 없어서
억지로 난 억지로
눈을 감을 수밖에 없었지
영원히 사랑하는 건 아닐까
못 본 척해도 그댈
영원히 사랑하게 될까 봐
덜컥 겁이 나서
차라리 두 눈을 감았지
Pray for love
Finding peace of mind
Pray for love
Finding peace of mind
Pray for love
Finding peace of mind
Pray for love
Finding peace of mind"
56,파도타기,Modern Granny,"눈 내린 겨울밤 파도 위 걸어간다
쓰러진 파도에 온몸을 던지며
먼 산길 가듯이 바다에 누워있다
가라앉은 눈사람 솟아난다

지난가을 산국화 봄눈을 기다리다
굳어진 파도에 온몸을 던지고
이 세상 어딘가 다다르기 위하여
넘쳐버린 파도에 길을 낸다

깊어진 눈물 위로
끌려간 산길 위로
단 한 번의 길
다다르기 위하여

솟구친 우리의 걸음이 닿는 그날
사라진 봄눈에 두 손을 녹여내고
눈 내린 바다 위 새겨지는 걸음에
잊었던 겨울밤 우리는 파도 탄다"
57,봄이야,김지구,"우리 괜찮은가요?
이제 괜찮을까요?
바보같지만

잘하려했죠
너무 잘 하려했죠
그게 문제 였을까요?

다시 바람이 불고
긴 겨울이 오고
눈 꽃이 질 무렵

눈을 떠보니 어느새

봄
봄이야
봄
봄이야

The night is still not over
But it‘s not forever.
I’m longing to see whatever we made in this world
Yeh~ 봄이야
Yeh~ 봄이야

모두 끝난것 같던
우리 주저앉았던
날들이 지나고

다시 살아가지고
다 잊어버리고
우린 웃고 있는걸

눈을 떠보니 어느새

봄
봄이야
봄
봄이야

The night is still not over
But it‘s not forever.
I’m longing to see whatever we made in this world
Yeh~ 봄이야
Yeh~

봄이와요
봄이와요
얼어 벌인 눈속에도
우리 작은 맘속에도

봄
봄이야
봄
봄이야

The night is still not over
But it‘s not forever.
I’m longing to see whatever we made in this world
Yeh~ 봄이야
Yeh~ 봄이야
Yeh~ 봄이야
Yeh~ 봄이야"
58,기억을 가진 채 14살로 (Feat. 강민정),015B,"지금 이 기억 가진 채 돌아간 내 14살
꿈 많던 친구 건강한 엄마 모두 거기

되게 거창한 일들을
바로잡을 줄 알았어
근데 아니야
그저 모두에게 미안할 뿐

소중한 것들
이미 내 곁에
항상 모든 건 빛나고 있었어

이대로 I, I, I did it right
With all my heart
Ah ah ah ah ah
In my ways always
언제나 I, I, I made right
Ah ah ah ah ah
Love my life
I learn to cherish what was mine

다시 산다면
바꾸고 싶었던 순간 많았어
바보 같던 나
근데 괜찮아
저게 나야

미래의 기억
나쁘지 않아
그땐 그럴 만한 이유 있었어

이대로 I, I, I did it right
With all my heart
Ah ah ah ah ah
In my ways always
언제나 I, I, I made right
Ah ah ah ah ah
Love my life
I learn to cherish what was mine

소중한 것들
이미 내 곁에
항상 모든 건 빛나고 있었어

이대로 I, I, I did it right
With all my heart
Ah ah ah ah ah
In my ways always
언제나 I, I, I made right
Ah ah ah ah ah
Love my life
I learn to cherish what was mine"
59,마음이더라,위은총,"난 사랑이 겁이 날 만큼 참 어렵더라
갑자기 고장 나버린 것처럼
하고 싶은 말 한마디 하지 못하고
오오 파란 꽃 한 송이를 전해주었네

난 사랑 앞에서만 서면 눈치가 보여
그대의 작은 곁눈질까지도
아주 멀리 걸어오는 그대를 보면
오래 기다리지 않은 척 웃어 보이네

가끔은 마음이 삐져나와서
그대가 알았으면
이런 게 내 마음이더라

한 번쯤 그대도 나처럼
서운했으면 좋겠어
이런 게 내 마음이더라

마음이더라
사랑이더라"
60,축가 (Feat. 라룩),유애포,"하나둘씩 결혼하는 내 친구들
이제 그만할 때 되지 않냐는 핀잔에
나는 쓴웃음을 짓고선 말하지
그래 네 말이 맞다

순풍순풍 애를 놓고 살려면 그래
꼬박꼬박 꽂히는 월급에
동네 아저씨일 뿐인 직장 상사의
말을 참아야겠지

근데 웃기지
나는 지금도 충분히 행복한데
인기를 강요 월급을 강요 행복을 강요받아

근데 웃기지
나는 지금도 충분히 살만한데
불행할 거래 슬퍼질 거래 미래를 점찍더라

내 인생을 네가 살게 아니면 그냥 가던 길을 가주세요
정 안됐다 싶으면 입금하고 말하세요. (현금도 받아요)

내 인생을 네가 살게 아니면 그냥 하던 거나 잘하세요
하고 싶은 것을 마음껏 하는 게 내 인생의 행복이야
결혼 축하한다 야

어~야 고맙다 Thank you
사랑 그리고 이별, 이별 또 이별 지옥 같은 인연은 지우고 싶은 이력
결국 난 혼자가 좋아 더 편해 이런 이야기 생각들 아냐 하지 마 다 잊어
행복 강요받으면 좀 어때? 원하잖아 안 그래?
혼자가 Nice라면 둘이면 아주 Great!
카페 추천해 줄게 짝꿍 만들 때 거기 분위기 괜찮더라 신촌역 앞에
커피는 내가 쏠 테니까 계좌 불러 Yes yes~

근데 웃기지
나는 지금도 충분히 행복한데
인기를 강요 월급을 강요 행복을 강요받아

근데 웃기지
나는 지금도 충분히 살만한데
불행할 거래 (불행할 것이다) 슬퍼질 거래 (슬퍼질 것이다) 미래를 점찍더라

내 인생을 네가 살게 아니면 그냥 가던 길을 가주세요
정 안됐다 싶으면 입금하고 말하세요. (현금도 받아요)

내 인생을 네가 살게 아니면 그냥 하던 거나 잘하세요
하고 싶은 것을 마음껏 하는 게 내 인생의 행복이야

그래도 너와 친구라는 게 너무나 감사할 뿐이야
이렇게 너의 행복을 기원할 수 있단 게
참 고마운 날입니다

룩아 룩아 나 결혼할 수 있는 거지?
연애부터 좀 하자
그럼 주위에 괜찮은 분 소개 좀 해줘
어 그냥 계좌 불러라 야"
61,해달처럼 둥둥 (Duet with 박성진),단오,"무얼 바라보고 있니?
그냥 멍때리고 있니?

구름이 어떻게 변해가는지
바람이 어디로 흘러가는지

무슨 생각하고 있니? (냠냠?)
그냥 먹는 생각하니?

오늘은 조개가 많이 잡힐까?
내일은 성게도 먹고 싶은데!

사람들은 할 일이 매일 많은가봐
토닥토닥 안는 법 잊어버렸나봐

무얼 바라보고 있니?
그냥 멍때리고 있니?

새들은 어떻게 날 수 있을까?
그리고 어디로 향해가는 걸까?

사람들은 나중에, 다음에 라고 말해
재미있게 노는 법 잊어버렸나봐

사람들은 나중에, 다음에 라고 말해
아이처럼 노는 법 잊어버렸나봐

출렁출렁 바다침대 위에 누워
하늘하늘 바람이불 한겹 덮고

가만히 생각해보면
이 바다는 너무 넓어 (무서워)

작고 소중한 돌맹이 손에 쥐고
저 하늘의 뭇별들을 세어본다

가만히 생각해보면
이 바다는 내 놀이터 (야호!)

내손 꼭 붙잡아 해달
떠내려가면은 안돼

꿈에서 신나게 놀 수 있도록
다시마 미역 둘둘 감고서
코자자"
62,가을비에 젖는다,가을동화,"가을비에 젖는다 그대 눈가에 젖는다 내 눈에 고인
눈물이 그대 눈가에

흐르는 내 눈물이 그대 눈가에 흐르고
오늘도 잠못 이루는 내 사랑아

다시 올 수 없는 아 아아아
그대 내 마음에 비로 내려 주소서

흐르는 내 눈물이 그대 눈가에 흐르고
오늘도 잠못 이루는 내 사랑아

다시 올 수 없는 아 아아아
그대 내 마음에 비로 내려 주소서"
63,Slow Down,하이(Hi),"Quickly
뭐해? 앞서가는 거야
절대 지면 안 되잖아
빨리빨리 빨리 더
쟤보다 빨라야 되

Like ME
근데 이게 맞는 거야?
대체 뭐 하는 거지, 나?
어디로 가야 되?
어느 곳이 맞는 거지?

오 이 길이 맞는 걸까?
오 저 길은 또 어떨까?
oh 이건 정말 엄청난 수수께끼야(question)

Any day 느려도 좋아
Anyway 내게 달렸어
어느 쪽으로 가든 but
I want to get somewhere (somewhere)

Slow down
천천히 가는 게 난 좋아 (love)
나답게 속력을 내는 거야
up up up down down down slowly
up up up up down

Slow down
나답게 가는 게 (love) 좋아 (love)
천천히 속력을 내는 거야
up up up down down down slowly
up up up 이대로 가는 거야

Lal lal la lal lal lal lal la
Lal lal lal la lal lal lal lal la
Lal lal lal la lal lal lal lal la
그대로 가는 거야

1,2,3 출발! 같은 신호 없이
각자 마음 가는 대로
그만하고 싶을 땐 쉬어도 돼
이 경주가 언제 끝나는지 알기 어려워

작은 몸짓 크고 작은 바람에
날개를 펴 이리저리 날아봐
어느 것을 고를까요
알아맞혀 보세요

I wonder 난 뭘 원하는지
I don't know 매일 바뀌지
oh 이런 정말 엄청난 수수께끼야(question)

Anywhere 어디든 좋아
Anyway 가보는 거야
어느 쪽으로 가든 (I'm sure!)
you're gonna get somewhere (somewhere)

Slow down
천천히 가는 게 난 좋아 (love)
나답게 속력을 내는 거야
up up up down down down slowly
up up up up down

Slow down
나답게 가는 게 (love) 좋아 (love)
천천히 속력을 내는 거야
up up up down down down slowly
up up up you can take your time

어제의 나는 또 다른 오늘의 나야
어쩌면 두 사람인 척을 하고 있나 봐
갈팡질팡 왔다 갔다 하면 어때 (so)
내가 누군지
내겐 아주 중요한 문제야

Slow down
천천히 가는 게 난 좋아 (love)
나답게 속력을 내는 거야
up up up down down down slowly
up up up up down

Slow down
나답게 가는 게 (love) 좋아 (love)
천천히 속력을 내는 거야
up up up down down down slowly
up up up 이대로 가는 거야

Lal lal la lal lal lal lal la
Lal lal lal la lal lal lal lal la
Lal lal lal la lal lal lal lal la
그대로 가는 거야

Lal lal la lal lal lal lal la
Lal lal lal la lal lal lal lal la
Lal lal lal la lal lal lal lal la
you can take your time"
64,어쩌면,최유찬,"어쩌면 솔직했던 말들을
혼자 삼켜버리고 말이야
어느새 이유 없이 허물던
마음의 벽이 다시 쌓여

아
안갯속 불빛처럼
말없이 손을 내밀어 주면
아
한없이 작아져도
우린 눈을 맞출 거야

어쩌면 순진했던 마음도
몰래 삼켜버리고 말이야
언젠가 하염없이 어둡던
너를 보듬어 주고 싶어

아
안갯속 불빛처럼
말없이 손을 내밀어 줄게
아
한없이 작아져도
우린 눈을 맞출 거야

어쩌면 순진했던 마음도
몰래 삼켜버리고 말이야
언젠가 하염없이 어둡던
너를 보듬어 주고 싶어"
65,Blue Hour,bOOdy,"문득 어두움이 겁이 난다
어둠이 날 삼킬 것 같으니
뜨거운 불이 활활 타오르면
재가되어 사라지겠지

문득 어두움이 겁이 난다
어둠이 날 삼킬 것 같으니
뜨거운 불이 활활 타오르면
재가되어 사라지겠지

실패가 두려워 도전을 못하는 건
시선이 무서워 나가지 못하는 건
두려움이 날 지운 거겠지

내 욕심이 날 실망시키면
내 의지가 날 눌러앉으면
그렇게 지워지겠지
아무도 날 못 찾겠지

고즈넉함을
도망칠 때쯤
고요함이 무서워
소리칠 때쯤

어둠에 가려져
사라진다면
사라진 내가 잊혀진다면

주체 없이 주저앉고 말 거야

내 욕심이 날 실망시키면
내 의지가 날 눌러앉으면
그렇게 지워지겠지
아무도 날 못 찾겠지"
66,불나방,임정찬,"불빛을 향해 날아요
나는 아직 어둠이 무서워요
뜨거워요
타 버릴 것 같아요
한 줌도 남지 못하면 난 어떡할까요

무서워요
아침과는 달라요
불빛 하나 없어요
나는 내가 지칠 줄 몰랐어요

꽃은 피고
낙엽은 떨어지죠
바람이 불어올까요 내게

“불빛을 향해 날아요.
나는 아직 모든 게 궁금해요.
즐거워요. 하고픈 게 많아요.
저 하늘까지 닿으면, 난 뭐가 될까요?”

불빛을 향해 날아요
나는 아직 어둠이 무서워요
뜨거워요
타 버릴 것 같아요
한 줌도 남지 못하면 난 어떡할까요"
67,My Wonderland,디에이드 (The Ade),"실수투성이인 내 모습
문득 밀려오는 서러움
어린 날 그렸던 행복한 꿈은
어디로 간 걸까

다른 사람의 시선들을
온종일 신경 쓰느라
정작 나를 바라보지 못했던 시간

My Wonderland
나의 바람들을 그려보는 거야
My Wonderland
그 어떤 꿈들도 다 이뤄질 거야


바삐 움직이는 세상에
나만 홀로 멈춰 버린 기분
하지만 올 거야 나를 보여줄 그때

My Wonderland
나의 바람들을 그려보는 거야
My Wonderland
그 어떤 꿈들도 다 이뤄질 거야
My Wonderland
지금껏 달려온 나를 믿으며
My Wonderland
원하는 색깔로 다 이뤄질 거야

Ah-"
68,어느 겨울 날(Acoustic Ver.),지구별 부안구,"겨울에는 나가서 같이 눈사람을 만들자

하얀 눈이 내리면 금방 만들거야

겨울에는 나가서 같이 눈싸움을 해보자

방긋 웃음 볼빨간 서롤 바라보며

하얀 눈이 펑펑 내리면 조금 추울지 몰라

하지만 모두가 함께라면 우리 모두 따뜻해

흰눈 가득한 어느 겨울 날 마주보며 웃던 순간들

함께 즐겨 이 겨울 하나되는 따뜻한 겨울

흰눈 가득한 어느 겨울 날 추운 것도 정말 즐거운

함께라서 행복한 어느 겨울 날


하얀 눈이 펑펑 내리면 조금 추울지 몰라

하지만 모두가 함께라면 우리 모두 따뜻해

흰눈 내리는 어느 겨울날 함께 만든 눈사람 앞에

손가락 걸고 약속해 서로 잊지 않을거라고

흰눈 내리는 어느 겨울날 함께 했던 모든 순간에

좋은 추억 가지고서 봄을 기다려"
69,Our Story,박창근,"Think what you've done yesterday
Think what you'll do tomorrow
It is rainy, recalls all the past
um~~

Think what you've done yesterday
Think what you've eaten all
You feel dizzy, annoying, and nothing
um~~

Freezing walls of fear stand in my poor way
Just like garbages in Galaxy wandering the space
um~~
Nowhere to work oh~
Nothing to make money no no no~
You would be better to pick up dirty~
the old masks throwaway
um~

Think what you've done yesterday
Things what you've thrown away
oh~ tears again and again
clouds and shadow, window

Freezing walls of fear stand in my poor way
Just like garbages in Galaxy wandering the space
um~~
Nowhere to work oh~
Nothing to make money no no no~
You would be better to pick up dirty~
the old masks throwaway
um~
what the hell the mask? the dirty masks?
your dirty mask, my dirty mask
um~~"
70,가지마 가지마,WE,"안개가 걷히고
햇볕이 들 때
나도 너를 따라갈 테야
하늘을 보면
너무 그리워
땅만 보고 걸어갈 거야

오늘을 즐기는 누군가를
미워하고 싶지는 않아요
그대를 기억 못 하는
온 세상이 미울 뿐
나는 벌써 그대 얼굴
온전히 기억나지 않아
내가 가장 미운 것이
나일까 봐 겁이 난다

안개가 걷히고
햇볕이 들 때
나도 너를 따라갈 테야
하늘을 보면
너무 그리워
땅만 보고 걸어갈 거야

가지마라 가지마
가지마라 가지말아라
가지마라 가지마라
떠나가지마
가지마라 떠나가지마"
71,Dream,유마,"첫눈에 알 수 있었어 온전히 날 채우는 널
한 걸음씩 걷다보면 닿을 수 있을 거라고

참 쉽지가 않아 그래 눈물도 나오지 않아
갈 수록 꽃피는 널 보니 눈물도 나지 않아

향기가 너무 짙어 머리가 아픈 것 같아
그게 또 나쁘지가 않아
내가 정말 미친 걸까

my dream my evrything
나를 놓지 말아줘
더는 무너질 곳도 없어
my dream my evrything
네가 악마라면 지옥까지도 사랑할테니
나를 놓지 말아줘


간절했던 기도는 어디에 닿았나
메아리 치듯 되돌아오기만 해
더 뜨겁게 무겁게만
메마른 가지의 붉게 핀 꽃처럼
위태롭기가 그지없어 서럽네
더 뜨겁게 뜨겁게

my dream my evrything
나를 놓지 말아줘
더는 무너질 곳도 없어
my dream my evrything
네가 바란다면 지옥까지도 끌어안을테니
나를 놓지말아줘

기억으로 남아있는 향기가
이젠 날 지우는 것 같아
재만 남게 되어도

my dream my evrything
나를 놓지 말아줘
더는 무너질 곳도 없어
my dream my evrything
네가 바란다면 지옥까지도 사랑할테니
나를 놓지 말아줘"
72,별이 별이,가을동화,"사랑하던 그대의 마음도 바라보던 그대의 눈빛도
강을 이루고 산을 이뤄서 내게 다가오네

언제까지 그대의 마음을 바라보다 이렇게 지쳐서
때가 되면은 알게 되는 것 그런 이유

별이 별이 달이가고 달이 달이 해가 바뀌어도 여전히 떠있는 저 별처럼
별이 별이 달이가고 달이 달이 해가 바뀌어도 여전이 빛나는 별처럼

언제까지 그대의 마음을 바라보다 이렇게 지쳐서
때가 되면은 알게 되는 것 그런 이유

별이 별이 달이가고 달이 달이 해가 바뀌어도 여전히 떠있는 저 별처럼
별이 별이 달이가고 달이 달이 해가 바뀌어도 여전이 빛나는 별

별이 별이 달이가고 달이 달이 해가 바뀌어도 여전히 떠있는 저 별처럼
별이 별이 달이가고 달이 달이 해가 바뀌어도 여전이 빛나는 별

별별별 빛나는 별"
73,어느 서른의 이야기,하노,"발 디딜 틈 없는 출근길 속에서 오늘을 살아가
줄 서 기다리는 아침의 카페인 내 정신을 깨워
어느새 눈 밑은 어둠이 짙어져 내 영혼은 아직 집에 있는데
나는 이렇게 오늘을 살아 너도 나와 크게 다르진 않지

다 그래 다 어쩌면 지친 우리의 일상이고
다 모두 다 내 어릴 적 그리던 모습은 아냐

씻을 겨를도 없고 뭘 먹지도 못해 보채고 우는 아이를 달래랴
잠도 못 자고 온전히 나를 갈아 내 새끼를 위해서

다 그래 다 어쩌면 지친 우리의 일상이고
다 모두 다 내 어릴 적 그리던 모습은 아냐

다 그래 다 어쩌면 나도 이렇게 자라났고
다 모두 다 내 어릴 적 부모의 모습이네

다 그래 다 우리는 나이를 먹으며
다 모두 다 어른이 돼
난 아직 아닌데"
74,작은방,이지영 (Ji Young Lee),"늘 마음속 한 가운데
그 누구에게나 있다는 방
채워지지 않는 작은 방이 있어

혹, 새로운 누군가가
작은 내 방에 문을 열고
낡고 오래된 기억들을
모두 정리 해준다면
얼마나 좋을까?

오래전 그날 넌 나에게
하고 싶은 말이 있던 건 아니었을까?
무심 했던 나의 그 말들이
상처는 아니었을까

큰 슬픔이 찾아올 때,
그 작은방 안으로 숨어
언젠간 아픈 기억들도
추억이 된다던 너의 마지막 그 말

오래전 그날 넌 나에게
하고 싶은 말이 있던 건 아니었을까?
무심 했던 나의 그 행동이
상처는 아니었을까

스쳐 가는 봄날의 바람처럼
서로를 아끼고 사랑했던 기억도
계절을 따라 흩어져가
더욱더 희미해져 가

지금의 아픔도
너의 그 시련도
추억이 될 거야
괜찮아 질 거야
먼 훗날 언젠가
시간이 흐르면
추억이 될 거야
괜찮아 질 거야"
75,내 마음은 말야,다름,"문득 눈이 떠지고
고갤 돌려보면
너의 잠든 모습
마냥 보고 있어
새삼 벅차오르는 맘
넌 알까 하염없이 바라보며
네게 또 되뇌이는 말
곁에 있어주어 고맙다고
곁을 내어주어
그 잔잔한 미소 앞에서
난 마음이 놓여
우리 둘만의 공간에서
그저 뜨겁지 않게
따뜻하게 늘 감싸준 너에게 기대

고민이 많아지는 밤
잠이 오지 않을 때
자연스레 팔베개를 빌려
새삼 가득해지는 맘
넌 알까 하염없이 바라보며
혼자서 되뇌이는 말
곁에 있어주어 고맙다고
곁을 내어주어
그 잔잔한 미소 앞에서
난 마음이 놓여
우리 둘만의 공간에서
그저 뜨겁지 않게
따뜻하게 늘 감싸준 너에게 기대

그대 옆에서 그대 품 안에서
그대 숨소리 마냥 들으면서
오늘 하루 고단했던 일
다 씻어내고서
이 마음을 천천히 얘기해 줄게"
76,홀리타임,김일두,"어쩜 그렇게 이쁘게 웃을 수 있니
너의 눈물 그리고 그 미소
잠들 수 없는 밤에 밤
깍지 낀 우린 꿈에 꿈에서
홀리타임 홀리 홀리타임
홀리타임 홀리 홀리타임
저 높은 해 그 빛에 단짝 별
둘이 된 나의 그림자
잠들 수 없는 밤에 밤
깍지 낀 우린 꿈에 꿈에서
홀리타임 홀리 홀리타임
홀리타임 홀리 홀리타임
홀리타임 홀리 홀리타임"
77,노란 고양이,노올량,"우리 집 마당 창고에 노란색 도둑고양이
어느새 우리 집에서 자리 잡고 사는데
날 보면 고갤 내밀고 입을 세모로 벌리고 하품
까끌까끌한 혀로 세수하고서 나비를 쫓는 고양이
꾹꾹이 하며 냥냥냥냥 발걸음 쫓아오면서 냐옹냐용
그렇게 냥냥 펀치를 냥냥냥냥 날리며 신이 나서 사뿐히 착지
귀여운 우리 고양이 노란 색깔 뚱뚱 고양이
엉덩이를 씰룩거리며 나를 깜짝 놀래키려 준비를 하지
게으름장이 고양이 보금자리 안에 누워서
내가 지나가도 시큰둥 본체만체 잠만 자네요
꾹꾹이 하며 냥냥냥냥 발걸음 쫓아오면서 냐옹냐용
그렇게 냥냥 펀치를 냥냥냥냥 날리며 신이 나서 사뿐히 착지
가구를 긁어놓고 잠을 자는구나 이렇게 사고 치고
또 몰래 사냥하고 온 동네 떠나갈 듯 냐옹거리네
귀여운 우리 고양이 노란 색깔 뚱뚱 고양이
엉덩이를 씰룩거리며 나를 깜짝 놀래키려 준비를 하지
게으름장이 고양이 보금자리 안에 누워서
내가 지나가도 시큰둥 본체만체 잠만 자네요
노란색 예쁜 고양이 우리 집 마당 창고에
평생 그렇게 살면서 나와 나와 행복하자"
78,나에게,재영,"나 스스로가 괜찮다 말해
그림자 뒤에 가려진 나는 Huh
지우려 애를 써봐도
아무리 눈을 감아도
잡힐 듯했던 나의 두 손이
점점 멀어져간다

한없이 날 위로한 내가
바보 같아 보이고 초라해 보인다고
끝없이 내게 안기고 싶던 난
미안할 뿐인 거야 그저 그럴 뿐이야

새벽 공기를 맡으며 생각에 잠겨
어두워진 방 한 켠이 시리도록(시리도록) Um
어지러진 내 마음도
더럽혀진 내 눈물도
언제쯤이면 마를 날이 올까
점점 짙어져가는데

한없이 날 위로한 내가
바보 같아 보이고 초라해 보인다고
알면서도 외면하려 했던 난
그냥 미웠던 거야 그저 그랬던 거야"
79,역시,아마 (ama),"학교 앞 벤치에 조용히 앉아
어쩌다 마주치기를 기다려

어쩌다 마주친 그대를 보면
어버버 뒷말은 잃는다
간신히 뒷말을 잇는다

아아 역시 너는
웃음이 참으로 예쁘구나

모진 말을 건넸다
사랑한다 말했다
그녀에게 미안하단
생각은 들지 않았다

아아 역시 너의
그 품은 참으로 따뜻하구나

아아 역시 나는
너를 참으로 좋아했구나

모진 말을 건넸다
사랑한다 말했다
그녀에게 미안하단
생각은 들지 않았다

모진 말을 건넸다
사랑한다 말했다
그대에게 미안하단
생각이 들었다"
80,사랑했던 모든 건 전부 나를 떠나가니까,소각소각,"네가 좋아하는 세상을 보려고
많이 나 노력했는데
아무 쓸모 없는 일인 걸 네 앞에서
난 모자란 사람이니까

물을 주지 않아도
내 멋대로 자라난 맘을
알 필요는 없지
그게 맞는 거지

내가 좋아하는 모든 건
전부 나를 떠나가니까
네가 나를 버리는 것도
당연해 늘 그렇지 뭐

보잘것없는 내 마음이
너무 거슬리게 했지?
고작 이런 맘으로
감히 널 좋아했어 미안

너는 내가 싫을 거야
끝까지 눈치도 없게
멈추긴 늦었어
그냥 다 너였어

내가 좋아하는 모든 건
전부 나를 떠나가니까
네가 나를 버리는 것도
당연해 늘 그렇지 뭐

보잘것없는 내 마음이
너무 거슬리게 했지?
고작 이런 맘으로
포기도 못 한 채 정말 좋아했어

우릴 사랑했던 사람은
결국 나뿐이었으니까
언제나 불행한 나에겐
정해진 결말이었어

너에겐 그저 악몽 같은
기억으로 남았겠지?
고작 이런 나 같은 게
감히 널 사랑했어 미안"
81,새벽산책,정흠밴드,"푸르른 새벽 길을
혼자 걸어 가 본다

가끔씩 깊어지는
어지러운 맘 

고요한 이 거리도
낮엔 소란해지고

그 안에 너와 내가
함께 하겠지

항상 너에게 모두 주고싶어
지금처럼 넌 곁에있어줘

음 너를 알기전 난 그저, 
사랑을 다 알것 같다고
쉽게도 말을 했었지
그건 나의 착각이었나봐
너를 더 좋아하는 마음
생각이 많아 지는 밤

항상 너에게 모두 주고싶어
잠들어있는 네 모습

쓸어내려본다
코끝은 찡해지고
깊은 숨소리마저
오늘 더 감사해
뒤척이게 된다

음. 너를 알기전 난 그저, 
사랑을 다 알것 같다고
쉽게도 말을 했었지
그건 나의 착각이었나봐
너를 더 좋아하는 마음
생각이 많아 지는 밤

생각이 많아 지는 밤"
82,서래,하예지,"손을 뻗어 그대를 꽉 안아요
흠칫 놀라 굳어버린 등
앞은 어떤 표정인가요

잠은 잘 자나요 눈을 감아도
안개처럼 내가 스며들어
밤새 잠들지 못하길 바래요

나를 사랑한다 말할 때 그대 사랑이 끝나버리고
그대 사랑이 끝날 때 비로소 내 사랑은 시작되었죠

나를 보는 그대 눈빛이 시선이 변했다 하여도
나는 나의 가여운 심장을 그대에게 줄 것이에요

훗날 그대 마음에 어쩌면 후회가
파도처럼 밀려온대도
그땐 나를 찾지 못할 거예요

나를 사랑한다 말할 때 그대 사랑이 끝나버리고
그대 사랑이 끝날 때 비로소 내 사랑은 시작되었죠

나를 보는 그대 눈빛이 시선이 변했다 하여도
나는 나의 가여운 심장을 그대에게 줄 것이에요

나를 사랑한다 말할 때 그대 사랑이 끝나버리고
그대 사랑이 끝날 때 비로소 내 사랑은 시작되었죠

만일 그대 여린 마음에 차가운 서리가 내리면
나는 나의 따듯한 온기를 그댈 위해 줄 것이에요"
83,호떡,이미애,"그대 두 손 시린 날 내게 건넨 호떡
나는 하얀 김 사라질 때까지 불었네

아침 밝게 갠 날 식탁 위엔
식은 호떡 그 너머에 그대 마음
영원토록 식지 않음을 아는
내 마음 식지 않으리


하얀 거리 위 그 마차들은
두리둥실 흐노는 작은 내 마음
영원토록 떠나지 않음을 아는
내 마음 머무르리

투박한 손길로 날 바라볼 때
나는 손길 사이 떨림을 알아
작은 무언가 커다란 마음
내겐 내겐

아침 밝게 갠 날 식탁 위엔
식은 호떡 그 너머에
영원토록 식지 않음을 아는 내 마음

하얀 거리 위 그 마차들은
두리둥실 흐노는
영원토록 떠나지 않음을 아는
내 마음 머무르리 내 마음 머무르리

그대 두 손 시린 날 내게 건넨 호떡
나는 하얀 김 사라질 때까지 후후"
84,류목: 떠내려온 나무,김두수,"떠내려온 상실,
오랜 세월이 게워낸 갈빛 뻘 위로
나목이 된 나무여
알 수 없는 곳으로 떠내려온 칼리 유가 *
희뿌연 안개의 늪, 빛과 안개의 슾 soup

시든 혼이 되살아 여기 뭇 꽃들이 피었네
근원을 외치는 망자의 묘墓여
시공時空의 중첩, 선회하는 페러그린*
저기 영원히 손짓하는 물빛 어스름의 피안

바람에 불려 흩어져갈 길은 아득하네
흙무덤의 언덕 위에 일렁이는 기期 여
비탄의 탄주, 아직 귓전에 아련한데
생生과 멸滅의 노래를 다시 되뇌어야 하네

떠내려온 상실, 오랜 시간이 게워낸 갈빛 뻘 하늘 위로
나목이 된 나무여

이제 떠나가야 하나, 선회하는 페러그린
저기 영원히 손짓하는 물빛 어스름의 피안

Glide his bow, to invent another tune


*칼리 유가 Kali Yuga: 오늘날 우리의 시대(힌두의 4th 세상)
* 페러그린 Peregrine: 송골매"
85,아무생각없다,박첨지,"아무생각없다 아무생각없다
아무생각없다 아무생각없다
뭘하고있는지도 보고있는지도 무슨말하는지도 모르겠다 난 그냥
아무생각없다 아무생각없다.
뭘하고있는지도 보고있는지도 무슨말하는지도 모르겠다 난 그냥
아무생각없다 아무생각없다."
86,노인과 구름,민채영,"친구는 어느날 울었죠
자신의 마지막 노인이
아 떠나갔기에
아 돌아갔기에

구름은 우리가 사랑한
품에서 구름이 됐어요
안 쓰러 말아요
아 후회 말아요

운명이예요
운명이예요

친구의 마지막 노인은 늙었었기에
나의 마지막 구름은 젊었었기에
아 혼자였겠죠
아 외로웠겠죠
아 원망 말아요
아 그리워 마세요

우 우우
우 우우

친구의 마지막 노인은 늙었었기에
나의 마지막 구름은 젊었었기에"
87,빛나는 인생,나리와 서기,"이리치이고 저리치여도
우리는 절대로 울지를 말자
매일 새롭게 마음먹어도
언제나 벅찬 우리 인생길

살아가는 거야 (살아가는 거야)
살아보는 거야 (살아보는 거야)
당신이 (당신이) 내곁에 있으니까

살아가야지 (살아가야지)
살아가봐야지 (살아가봐야지)
빛나는 (빛나는) 우리의 인생을 위해

세상에 하나밖에 없는 사람아
누구도 대신할 수 없는 사람아
당신이 있어 나는 행복해
그대가 있어 나는 괜찮아

이리치이고 저리치여도
우리는 절대로 울지를 말자
매일 새롭게 마음먹어도
언제나 벅찬 우리 인생길

살아가는 거야 (살아가는 거야)
살아보는 거야 (살아보는 거야)
당신이 (당신이) 내곁에 있으니까

살아가야지 (살아가야지)
살아가봐야지 (살아가봐야지)
빛나는 (빛나는) 우리의 인생을 위해

세상에 하나밖에 없는 사람아
누구도 대신할 수 없는 사람아
당신이 있어 나는 행복해
그대가 있어 난

세상에 하나밖에 없는 사람아
누구도 대신할 수 없는 사람아
당신이 있어 나는 행복해
그대가 있어 나는 괜찮아

그대가 있어 난 괜찮아"
88,STAY,DeTale,"어떻게 시작된 사랑인지
설명이 되진 않지만
그대, 내 맘에 들어온 건 나에겐 구원 같아

수줍었던 나의 고백, 그대의 환한 미소
어떤 말을 하지 않아도 우리, 영원히 함께해요
STAY, (그대여)
Oh, STAY, (그대여 내 마음에)
STAY,

그대와 함께인 나는
눈물이 멈추었고
차가운 겨울 같던 내 맘에
햇살이 비춘 듯 해

혼자이던 날에 나는
쉽게 부서지고 또 무너졌죠
얼어붙은 밤과 타는 낮에도
내 곁에 있어주길

때론 그대 곁에 내가
그댈 힘들게 하겠죠
하지만,
밤하늘 수놓는 저 별들처럼
내가, 그댈,

밤이 깊어지고 날이 차면
바람이 불어와 지치더라도
밤하늘 수놓는 저 별들처럼, 내가
그댈 비출테니

Oh, STAY (그대여 그대여)
Oh, STAY (그대여 내 맘에)
Oh, STAY
내가 그댈 비출 테니"
89,"다시, 우리",유월 (Youwere),"인스타를 켜보니
올라와있는 네 스토리
maybe you look happy
잘 지내보여 니 모습은

how do I look 웃기지
그때가 언제인데
long time ago
잊지 못한 기억에 웃어

if we go back to the that time
바뀔 수 있었을까 기횔 준다면
if we go together until the end
갈게 지금 나 네게로 가고 있어

어디야 지금 뭐해
시간 되면 나 잠깐 볼래
집 앞에 기다리고 있을게

다시 만나는 건 어때
우리의 끝을 바꿔 볼게
날 믿고 내 손 한번 잡아줘

예전처럼 우리
손잡고 한강 걸으며
잔디밭에 앉아 피크닉도 하고

매번 행복했지
네 무릎 위에 누워서
하늘과 겹치던 네 얼굴이 그리워

if we go back to the that time
바뀔 수 있었을까 기횔 준다면
if we go together until the end
갈게 지금 나 네게로 가고 있어

어디야 지금 뭐해
시간 되면 나 잠깐 볼래
집 앞에 기다리고 있을게

다시 만나는 건 어때
우리의 끝을 바꿔 볼게
날 믿고 내 손 한번 잡아줘

oh 어딜 가도 내 옆은 너야
oh 둘이 함께 다니며 la la la la

girl 끝까지 옆에 있을게
함께 하지 않을래

어디야 지금 뭐해
시간 되면 나 잠깐 볼래
집 앞에 기다리고 있을게

다시 만나는 건 어때
우리의 끝을 바꿔 볼게
날 믿고 내 손 한번 잡아줘"
90,고생했어요,박시환,"어떻게 지내 별일 없었냐며
오랜만이야 보고 싶었다고
정겨운 말투 그립던 목소리
그때 그 시절을 마주하지

참 좋았지 우리 철은 좀 없어도
마냥 웃기만 했던

이젠 어른이 되어버린 아픔을 겪는다
아파도 애써 아무렇지 않은 척 웃는다
가끔 나 혼자 멈춘 것처럼 느낀다면
잠시라도 내려놓고 쉬어가세요

분주한 아침 늘 같은 출근길
아등바등 난 행복한 걸까
친구들 약속 좀 버겁기도 해
내일의 걱정을 마주하지

나 살아온 길이 많이 고됐지만
작은 용기로 걷지

이젠 어른이 되어버린 아픔을 겪는다
아파도 애써 아무렇지 않은 척 웃는다
가끔 나 혼자 멈춘 것처럼 느낀다면
잠시라도 내려놓고 쉬어가세요

고개를 들어요
괜찮아요 걱정 마요 다
고생했어요 오늘도 그대는 버텼잖아요

이젠 어른이 되어버린 아이는 걷는다
저기 날 기다리는 꿈을 향해 웃는다
가끔 나 혼자 느린 것처럼 느낀다면
잠시라도 좋으니까 쉬어가세요"
91,영원히 머물게요,성휘,"당신은 잘 견디고 있나요
조용히 묻고 싶어요
외로이 삼켜버린 서로의 마음 안에
잔잔히 잠들어가요

아 아 음 음
차갑게 흩어진 우리
아 아
이 순간 널 지워야만 하죠

멈춰버린 하늘 아래
이제야 묻고 싶어요
뜨거웠던 우리의 사랑에
영원히 나 머물 거야

불지 않는 바람 속에
어디에 머물러 있죠

멈춰버린 하늘 아래
이제야 묻고 싶어요
뜨거웠던 우리의 사랑에
영원히 나 머물 거야

멈춰버린 하늘 아래
이제야 묻고 싶어요
뜨거웠던 우리의 사랑에
영원히 나 머물 거야"
92,Emotional Rain,박준하,"The queen that I serve
In the palace of hope
She sings a lullaby again

The one that I heard
When I was a child
That same lullaby again

So we never put down of our games
Even though I know it's not in our hands
So sing me the song that gives love and pain

It brings me emotional rain
It brings me emotional rain

The one that I found
In the jewel of her crown
It puts her in sorrow again

The song that we've learned
Is only our hope
So we sing a lullaby again

So we never put down of our games
Even though I know it's not in our hands
So sing me the song that gives love and pain

It brings me emotional rain
It brings me emotional rain

It brings me emotional rain
It brings me emotional rain

It brings me emotional rain"
93,손글씨,도화,"왜 그리
널 미워했지
편지 위 못난
글씨처럼

원래 이런 걸까
구겨진 종이에
사소한 마음
썼다 지워

짙어진 그리움
까만 글씨 위에
번지지 않도록

나 너처럼
솔직하지 않아
모질게 대했다고
나 아직 서툴지만
까맣게 까맣게



길고 긴
밤을 담아
열지 못한 말
서랍 속에

원래 이런 걸까
잠겨진 시간에
흘러간 마음
썼다 지워

우리의 순간이
쓰인 글씨 위에
마르지 않도록

나 너처럼
솔직하지 않아
모질게 대했다고
나 아직 서툴지만
까맣게 까맣게

음 음음----
까맣게 까맣게
까맣게 까맣게"
