,Unnamed: 0,title,artist,lyric
0,0,12,오스터존 (OSTERJON),"못 받은 전화 미안하지만
새하얀 세상과 난 어울리지 않아
난 괜찮은데 왜 그런 표정 해
돌아보지 말고 떠나가면 돼

새어 들어오는 바람 결국 너도
따뜻하길 바란 걸까 싶어 쳐놓은 커튼을 걷어
잠도 덜 깬 채 어질러진 방을 보고 있을 땐
괜찮은 건지 궁금해

창밖에 선 늘 보던 나무가
왠지 유난히 멋지게 보여
보다 보면 느껴지는 게 있어
너도 같은 마음이면 해서 불러

미련 없이 놔버리는 순간
너가 내게 남긴 의미들 다 모두 결국
사라져버리는 걸까 겁나
아름다운 결말을 바란 내가 못난 걸까

창밖에 선 늘 보던 나무가
왠지 유난히 멋지게 보여
보다 보면 느껴지는 게 있어
너도 같은 마음이면 해서 불러"
1,1,개화,청슬 (ChungSeul),"우연히 찾아온 너란 큰 세상 속에
두 눈을 감고서 온전히 널 느껴

쓰린 아픔들도 서서히 아물어가
눈을 뜨니 앞엔 네가 보여

나의 공간 속에 드리운 너의 온기에
시들어 버린 내 맘은 꽃을 피우고

찬란하고도 아름다운 순간이야
이대로 네게 잠겨

간절히 바래왔던 너와 이 순간이
영원히 끝나지 않는 시간이 되어
애타게 서로의 마음을 모두 모아
끝까지 이어지길

익숙한 기억처럼 따스한 품속에
조용히 놓아둔 나의 마음을 피워
애타게 서로의 마음을 모두 모아
끝까지 피어나길 바래

어느새 다가온 너라는 벅찬 계절
커다란 세상 속 난 감히 눈을 떠

설명할 수 없는 감촉들과 모든 게
마치 그려놓은 풍경화 같아

나의 공간 속에 드리운 너의 계절에
시들어 버린 내 맘은 꽃을 피우고

찬란하고도 아름다운 순간이야
이대로 네게 잠겨

간절히 바래왔던 너와 이 순간이
영원히 끝나지 않는 시간이 되어
애타게 서로의 마음을 모두 모아
끝까지 이어지길

간절한 마음속에 피운 모든 날이
가득 짙어진 나만의 계절이 되어
애타게 서로의 마음을 모두 모아
끝까지 이어지길

익숙한 기억처럼 따스한 품속에
조용히 놓아둔 나의 마음을 피워
애타게 서로의 마음을 모두 모아
끝까지 피어나길 바래"
2,2,흐르는 대로,Adios Audio,"흐르는 대로 드리운 대로 느끼는 대로

지독하리 찌는 기분
흩어지지 못하는 개미
끈적하게 엉킨 타래
숨 막히는 향연
사이사이 숨어 들어가 사이사이 녹아들어 가
반짝반짝 둘 하나가 되어

흐르는 대로 드리운 대로 느끼는 대로

꼬여 드는 그림자들
오도카니 바라보다
비릿하게 새어 나온
웃음 주워 그림자 속으로

흐르는 대로 드리운 대로 느끼는 대로
흐르는 대로 드리운 대로 느끼는 대로
(흐르는 대로 드리운 대로 느끼는 대로)
흐르는 대로 드리운 대로 느끼는 대로
흐르는 대로 드리운 대로 느끼는 대로
(흐르는 대로 드리운 대로 느끼는 대로)"
3,3,돼지와 함께 춤을,리얼프로그,"나의 현실은 쓰라리곤 아팠고
우린 쏟아져내렸어
구멍 난 하루의 나의 모든 파란을 담아줘
이젠 너무 지쳐 애써 모른 척
시선을 돌리고 비가 내리는 날에
난 떠나렵니다

내 어깨 떨어진 비와 함께 춤을 쳐줘
메마른 거리에 남은 그댄 거기 그대로 있어줘
정신없이 뛰는 밤에는 우리의 두 발을 맞춰줘
비 내리는 미친 날에는 나와 함께 춤을 쳐줘

내 어깨 떨어진 비와 함께 춤을 쳐줘
메마른 거리에 남은 그댄 거기 그대로 있어줘
정신없이 뛰는 밤에는 우리의 두 발을 맞춰줘
비 내리는 미친 날에는 나와 함께 춤을 쳐줘"
4,4,Horizon (수평선),Vanillare (바닐레어),"Just set me free
From all the messes you’re in
Must set me free
From all the messes you gave

끝날 듯 끝나지 않는 지겨운 삶의 연속에
죽음이 아닌 평온이 오기를 바라요
그만 떠날래 이제는 말하기도 지치네요
아무 예고 없이 사라질래

수평선 끝에 저물어져 가는
노을을 보며 난 영원히 쉴래요
언제쯤 집을 찾을 수 있을지
또 묻지만, 답을 들을 수 없어요

끝날 듯 끝나지 않는 지겨운 인간들 속은
숨 쉴 공간조차 없게 느껴지네요
가질 듯 갖지 못한 내 입가의 미소가 사라져요
그만 떠날래 이제는 말하기도 지치네요
아무 예고 없이 사라질래

수평선 끝에 저물어져 가는
노을을 보며 난 영원히 쉴래요
언제쯤 집을 찾을 수 있을지
또 묻지만, 답을 들을 수 없어요

Sometimes I wish that
I Could open up your eyes
So you could suffer even more
I’ll see you deeply fall
While I smile here in peace
I wish you the worst

수평선 끝에 저물어져 가는
노을을 보며 난 영원히 쉴래요
언제쯤 집을 찾을 수 있을지
또 묻지만, 답을 들을 수 없어요"
5,5,일기장,COOMO,"""좋아하는 색과 맛 그리고 옷차림까지
지난 감정과 추억 그날의 제목과 날씨들

좋았던 그리 아팠던 내 모든 것들을
끄적끄적 서툰 나만의 체로 써내리곤 해

울기도 웃기도 그리워하기도
참 많이도 지나오니 드디어 넘겨보네

부끄러워 숨겨뒀던 내 맘의 열쇨 꺼내
잠시 열고 오늘만은 나 빠져보려해
Woo woo Umm yeah Umm
매일 듣던 멜로디 그리고 가사들까지
모진 낱말과 말투 그날 흘린 눈물들

좋았던 그리 아팠던 내 모든 것들을
끄적끄적 서툰 나만의 체로 써내리곤 해

울기도 웃기도 그리워하기도
참 많이도 지나오니 드디어 넘겨보네

부끄러워 숨겨뒀던 내 맘의 열쇨 꺼내
잠시 열고 오늘만은 나 빠져보려해
나만 아는 나만 모르던
일기장 속 날 꺼내고선

이리도 행복했나 이만큼 아팠었나

이젠 추스려버린 수 없는 감정들을
Bye bye 나만 아는 날 이제 묻어보네 Smile

울기도 웃기도 그리워하기도
참 많이도 지나오니 드디어 넘겨보네

부끄러워 숨겨뒀던 내 맘의 열쇨 꺼내
잠시 열고 오늘만은 나 빠져보려해

울기도 웃기도 그리워하기도
참 많이도 지나오니 드디어 넘겨보네

부끄러워 숨겨뒀던 내 맘의 열쇨꺼내
잠시 열고 오늘만은 나 빠져보려해"""
6,6,Gray,김재인,"What is the right way to go
The better decision to make
Cause whichever way that you go
They always have something else they gotta say
I guess I’ll just stay

I’m lost in the gray

I wanted to keep my ground
I didn’t care what they said
But each step I take I become
So more and more unsure about my ways
I guess I’ll just stay

I’m lost in the gray

Questions are tearing me apart
One after another path to part
Show me the answers that I need
I need them now

I’m lost in the gray
I’m lost in the gray
I’m lost in the gray
I’m lost in the gray

Questions are tearing me apart
One after another path to part
Show me the answers that I need
I need them now

Questions are tearing me apart
One after another path to part
I‘m lost in the gray alone I need
help I need it now"
7,7,신이시여 저를 살려주시오,원룸소년단,"헤이!
버스에 탔는데 급똥이 왔다~
아~ 이것 참 못 참겠네~
아~~~아~~~ 어떡해 어떡해 어떡해 어떡해~
기사님 기사님!
제 목소리 들리시나요 기사님!
급똥은 신이와도 못피한다네
신이시여 저를 살려주시오~오오~~

신이시어
신이시어
저를
저를
살려주
살려주
시오
시오

시험을 보는데 급똥이 왔다~
아~ 이것 참 못 참겠네~
아~~~아~~~ 어떡해 어떡해 어떡해 어떡해~
선생님 선생님
제 목소리 들리시나요 선생님
급똥은 신이와도 못피한다네~
신이시여 저를 살려주시오~~

신이시어
신이시어
저를
저를
살려주
살려주
시오
시오"
8,8,Stranger,Leon,"Slow drive on highway
We need no fast lane

We all in racing
All the blinds, only look aside

Stranger from neighbor
Look I am free, there ain’t no loneliness
Danger from sugar
I won’t even wish for the same as you

turn on your light bulb
Wondering where the hell are you,
What’s going on now

Break out in the rain
Easing away
Chasing your sun, boy
Follow your own track, your sun
Drive it away,
Even if it makes you bad

Stranger from neighbor
Look I am free, there ain’t no loneliness
Danger from sugar
I won’t even wish for the same as you

Break out in the rain
Easing away
Chasing your sun, boy
Follow your own track, your sun
Drive it away,
Even if it makes you bad

Break out in the rain
Easing away
Chasing your sun, boy
Follow your own track, your sun
Drive it away,
Even if it makes you bad"
9,9,건강을 위하여,아나킨프로젝트,"피곤 피곤이 가시지 않을땐 (오렌지 오렌지)
위궤 위궤양이라면 (양배추 양배추)
치질 예방하시려면 ( 무화과 무화과)
생강 구역질날때는 생강 스트레스받을때는 바나나 요통을 없애주는 감자
곰팡이감염억제 마늘 혈압을 낮춰준다 건포도
배앓이때문에 구역질, 두통을 줄여주는 바질
콜레스테롤이 높을땐 배~ 기침이 심할때는
꿀~ 소화성 경련염증일때는 캐모마일
변비와 복부 팽만감 장내 가스제거에는 요구르트
미네랄 콩팥에 쌓여 결석 생기는걸 막아주는 살구 참치는 세로토닌 호르몬 생성을 돋궈주는데 참 효과적인 참치회

만성 염증 퇴치를 위한 식습관은
주로 등 푸른 생선에 많이 함유된 D H A D H A
그 등 푸른 생선이라 함은 고 등 어 고 등 어
두뇌에 좋은 영양소
오 메가쓰리 오 메가쓰리

No탕후루 (No time for you)
No마라탕 (No matter what)
No라면 (No ramen)
No콜라 (No cola) ×2

Yes×4 흔들어 Yes×2 ah Yeah!
Yes×3 yeyeye yes!

(댄스타임)

토마토 좋은거 아시죠? 정확히 뭐가 좋은지 모르시죠? 라이코펜 성분이 건강에 이로운 여러 기능을 합니다
가열하거나 올리브유등과 함께 먹으면 라이코펜이 증가~ 한다~ 고 합니다.
수분과 섬유질이 풍부하기때문에 칼로리와 당 함량이 낮기 때문에~
영양소가 풍부한 반면 식단에 자주 올라오지 않아
식단에 자주 올려주세요~
토마토 피부에 좋은거 아시죠? 베타카로틴이 태양으로부터 피부를 보호해줘 라이코펜이 손상된 피부와 주름을 개선시켜~

오 메가쓰리 오 메가쓰리

No탕후루 (No time for you)
No마라탕 (No matter what)
No라면 (No ramen)
No콜라 (No cola) ×2
Yes×4 whoooo Yes yeyeye yes!

노화유발 디엔에이손상 활성산소를 억제해주는군 체내 바이러스 세균침입 막아줘요
면역력에 짱
라이코펜친구들 칠면조친구들
불로초친구들 불사의 영약들
라이코펜친구들 칠면조친구들
불로초친구들 불사의 명약들"
10,10,Sunset,The Tunas (더 튜나스),"노을이 지고
붉게 물든 바다
잔잔한 파도가
불러주는 노래

노을 지는 하늘에
붉게 물든 바다는
내 마음을 녹이고
내일도 살아가네

오늘 우리 바다에 잠들자
편안하고 따듯한 모래 덮고서
우리같이 바다에 잠들자
잔잔히 치는 파도 소리 들으며

오늘 우리 바다에 잠들자
편안하고 따듯한 모래 덮고서
우리같이 바다에 잠들자
잔잔히 치는 파도 소리 들으며

노을이 지고
붉게 물든 바다
잔잔한 파도가
불러주는 노래

노을 지는 하늘에
붉게 물든 바다는
내 마음을 녹이고
내일도 살아가네

오늘 우리 바다에 잠들자
편안하고 따듯한 모래 덮고서
우리같이 바다에 잠들자
잔잔히 치는 파도 소리 들으며

오늘 우리 바다에 잠들자
편안하고 따듯한 모래 덮고서
우리같이 바다에 잠들자
잔잔히 치는 파도 소리 들으며"
11,11,빙빙!,HU:MIN,"누군가는 사랑을 하고
누군가는 낭만을 원해
언젠가는 올라가게 될
저 하늘 위를 보는 우리

높은 구름 바로 밑에서
관심속에 취해있는 우리
저 꿈 속을 깊이 더 깊이
헤엄치는 저 소용돌이

진짜 모습은 가린채
서로 눈치만 보고 있네

우린 돌아 빙빙빙
남들의 시선은 저 멀리 내려놓고
다시 여기 빙빙빙
뜨겁게 맴돌아 이곳을 태우자
우린 돌아 빙빙빙
남들의 시선은 저 멀리 내려두고
다시 여기 빙빙빙
뜨겁게 맴돌아 이곳을 태워

Ooh 날 바라봐요 오늘 하루는
내려놔 봐요
Ooh 날 따라와요 오늘 하루는
진실을 봐요

진짜 모습은 가린채
서로 눈치만 보고 있네

우린 돌아 빙빙빙
남들의 시선은 저 멀리 내려놓고
다시 여기 빙빙빙
뜨겁게 맴돌아 이곳을 태우자
우린 돌아 빙빙빙
남들의 시선은 저 멀리 내려두고
다시 여기 빙빙빙
뜨겁게 맴돌아 이곳을 태워"
12,12,기억,Mensheviks,"어지러운 내 머리 속에서 더 이상 널 찾을 수 없어
이제 더는 너의 생각과 너의 목소리가 그립지 않아
어지럽던 내 머리 속에서 이제 너는 떠나버렸어
이제 더는 너의 모습이 내 앞에 아른거리지 않아

하지만 언젠가 너를 다시 본다면
그떈 우리 기억들이 날 다시 네게 보내주겠지
우리 함꼐한 좋은 추억들 나에게는 족쇠가 되어
날 다시 너의 품속에 깊게 안기고 싶게 하겠지

어지러운 내 머리 속에서 더 이상 널 찾을 수 없어
이제 더는 너의 생각과 너의 목소리가 그립지 않아
어지럽던 내 머리 속에서 이제 너는 떠나버렸어
이제 더는 너의 모습이 내 앞에 아른거리지 않아
어지러운 내 머리 속에서 더 이상 널 찾을 수 없어
이제 더는 너의 생각과 너의 목소리가 그립지 않아
어지럽던 내 머리 속에서 이제 너는 떠나버렸어
이제 더는 너의 모습이 내 앞에 아른거리지 않아

하지만 언젠가 나를 다시 본다면
그땐 우리 기억들이 너를 다시 내게 보내주겠지
우리 함께한 좋은 추억들 너에게는 족쇠가되어
너를 다시 나의 품속에 깊게 안기고 싶게 하겠지
날 이젠 보내줘 난 널 잊고싶어서
잊은줄 알았는데 결국 또 다시 제자리인걸
나는 다시 한숨을 쉬고 너를 바라보면서
다시 가슴이 뛰는걸 느껴버린걸 어떡해야해"
13,13,봄에 도착,신서울,"잠깐 내 말을 좀 들어볼래 꼭 할 얘기가 있어서 그래 나 어릴적부터 이런 말할 땐 멈춰서야 해
잠깐 내 손을 좀 잡아줄래 길을 잃을 것 같아서 그래 나 어릴적부터 이런 일엔 통 감각이 없어
너의 손을 잡으면 난 겁이 없어져
조금 헤메더라도 괜찮을 것 같아
너의 손을 잡으면 어떤 길로 가든 봄에 도착해 그럼 도착한 봄에서 우리 떠나지 말고 같이 누울래
잠깐 내 품에 좀 들어올래 잠이 오질 않아서 그래 나 어릴 적부터 이런 밤을 늘 궁금해했어
너를 품에 안아도 잠이 오진 않아
이대로 밤을 새도 괜찮을 것 같아
너를 품에 안으면 눈을 뜨고서도 꿈에 도착해
그럼 도착한 꾸에서 우리 깨지도 말고 좀 더 안을래
도착한 봄에서 같이 꿈을 꾸면서 같이 있을래"
14,14,데미안 (Feat. 변하은),Joymin (조이민),"달을 태우는 햇빛에
지친 날 일으켜요

날 애태우는 몸짓에
시린 날이 비쳐요

아름다운 시절의
이유를 들려줘요

자유로운 새들의
이름을 불러줘요

멍한 시선을 거둔 채
잠시 두 눈을 감아요

까만 밤이 드리울 때
틈 사이 빛을 느껴봐요

지나간 건 다시 오지 않아 아니야
못다 한 건 어제 꾼 꿈만이 아니야

저 틈 사이 비추는 빛은
네가 내일 따라갈 기분

아름다운 시절의
이유를 들려줘요

자유로운 새들의
이름을 불러줘요"
15,15,"Dementia (Feat. 수성매직, 김성윤)",Antideprexxant,"언제부턴가 너의 모든 것이 기억나지 않아
네 따스한 온기마저 너의 아픔들까지도
우리의 남은 기억들은 대체 뭐가 남았지
어째서 아직도

잊었니 잊었니
난 그 무엇도 생각나지 않아
기억해 생각해
시간이 널 데려올 줄 알았어

너에겐 아직도 소중한 뭔가 남았니
나에겐 아직도 무엇도 들리지 않아
너에겐 아직도 날 지킬 이윤 있었니
나에겐 앞으로 길이 존재하질 않아


울리지 못한 기타소리 따윈 흘러갔겠지
옮기지 못한 멜로디는 이미 끝나버렸지
내가 살아온 흔적 의미조차 흩어졌겠지
덧없이 내일로

괜찮니 잘 있니
난 이미 괜찮진 않은 것 같아

넌 왜 넌 왜
그걸 말했어야해
난 왜 난 왜
무엇도 하지 못했어

우리의 웃음소리가 끊질 않던 나날들
우리의 울음소리도 나누었던 나에게
하지만 너의 자리를 지켜 주지 못했어
나는 날 위해 나를 떠나줄거야 아 아 아아

우리의 마지막 순간을 빌어 주지 않겠니
우리의 마지막 인사를 받아 주지 않겠니
마지막 추억 흔적조차 남아 있지 않지만
마지막 인사를
내가 남길 수 있는 무언가를 찾아야만 해
이미 부서진 기타마저 얼마 안 되는 기억도
나의 마지막 숨이 조금이라도 붙어있는 한
네게 사랑한다 고맙단 말도 해 볼 수 있을까
오오"
16,16,HYPERTONIC,TAN(티에이엔),"Hy - Hyper - Tonic
Hy - Hyper - Tonic
Hy - Hyper - Tonic
Hy - Hyper - Tonic

Take it slow now
혈관 속의 fever 깊이 퍼져

아찔해 So high
girl, i've been waiting for this good time

you're the reason
솟구치는 DOPAMINE
just make the decision
상관없어 so
what you wanna do

터질듯한 감정
when i see that ur really picture perfect

i mean it, im leanin

폭발해 ADRENALINE

숨 떨리는 이 자극
it's to die for - die - die for
끊어지는 이성에
got me spinnin around

Hy - Hyper - Tonic
Hy - Hyper - Tonic
HYPER
Hy - Hyper - Tonic

Keepin it Hypertonic

I make you feel the flashing lights
하루 종일 burning bright
겁먹지 말고 날 봐, don't you want it, want it

Livin' in R.E.M.
온몸을 dominate
Don't want this all to the end

(Slow it Down)

I finally found

you're the reason
쏟아지는 DOPAMINE
just make the decision
상관없어 so
what you wanna do

터질듯한 감정
when i see that ur really picture perfect

i mean it, im leanin

폭발해 ADRENALINE

숨 떨리는 이 자극
it's to die for - die - die for
끊어지는 이성에
got me spinnin around

Hy - Hyper - Tonic
Hy - Hyper - Tonic
HYPER
Hy - Hyper - Tonic

Keepin it Hypertonic

I’ll be there 너의 마음 만들게 널 Crazy
You will never know 알려줄게 How many
women i cry about 있을때 위 Stage
It's stimulating 커지는 Heartbeat you ready

Yeah that’s me 고급 Pride woo
Five star 맞아 That’s right 네가 보는 난 umm
Let me tell you 난 널 알고싶은 마음뿐
So please you give me now woo

on and on and on and on and

황홀한 이 순간 속에

more and more and more and more and

걷잡을 수 없이 빠져

want it, want it, want it

중독된 환상
끊어내지 못해
so I mean it, I'm leanin
so won't you hold on tight

숨 떨리는 이 자극
it's to die for - die - die for
끊어지는 이성에
got me spinnin around

I think about it all the time
a work of art I found
Cuz Imma Hypertonic
ADDICT
Keepin it Hypertonic

Hy - Hyper - Tonic
Hy - Hyper - Tonic
HYPER
Hy - Hyper - Tonic

Keepin it Hypertonic"
17,17,사랑할 거야,박소은,"우린 춤을 추고 있었죠
끝나지 않을 밤인 것처럼

네가 어떤 사람인 건요
보이지 않는 맘이야 상관없죠

조금 이상한 사랑이어도 돼요
마음에 애정을 바르면 돼요
숨기지 말아요 다 보여줘도 돼요

난 사랑할 거야
널 감싸안을 거야
이게 내 못난 마음의 전부야

난 사랑할 거야
널 감싸안을 거야
이게 내 못난 마음의 전부야

너는 겁을 먹고 있었죠
자라지 않은 어린애처럼

그런 너를 지키는 나는요
변하지 않을 맘이야 상관없죠

조금 이상한 사랑이어도 돼요
마음에 애정을 바르면 돼요
숨기지 말아요 다 보여줘도 돼요

난 사랑할 거야
널 감싸안을 거야
이게 내 못난 마음의 전부야

난 사랑할 거야
널 감싸안을 거야
이게 내 못난 마음의 전부야

난 사랑할 거야
널 감싸안을 거야
이게 내 못난 마음의 전부야

난 사랑할 거야
널 감싸안을 거야
이게 내 못난 마음의 전부야"
18,18,안녕은 언제나 어려워,최정윤,"시작할 때는 마냥 웃음만 나, 좋았지
끝이란 우리에게 없는 일이라 믿었지

헤어지는 일을 자연스레 받아들이려 해도ﾠ난
자꾸 슬퍼만 가 너의 두 눈을 마주칠 수가ﾠ없었어

눈물은 보이지 않기로 해
우리 절대 울지는 않기로 해
서로의 마음에 서로가 남았다면
우리 그렇게 안녕을 하기로 해

기억해 우리 처음 만나 어리숙한 모습들
어느덧 이제 담담하게 안녕을 말하려는 우리

헤어지는 일을 자연스레 받아들이려 해도 난
자꾸ﾠ슬퍼만 가 너의 두 손을 놓아줄 수가ﾠ없었어

눈물은 보이지 않기로 해
우리 절대 울지는 않기로 해
서로의 마음에 서로가 남았다면
우리 그렇게 안녕을 하기로 해

시간이 지나도 떠돌아다닐 거야

우리의 잔상들은 여기 그대로 남아
그 자리에 있을 테니까
눈물 흘리지 않기로 해

더 이상 아쉬움은 없기로 해

서로의 마음에 서로가 남았다면

그걸로ﾠ충분한 거 잘 알잖아


우리 손을 더 높이 흔들기로 해

더 빛나는 내일에 만나기로 해

서로의 날들에 서로가 남았다면
우린 그렇게 안녕을 하기로 해"
19,19,낙화,BehindtheMoon,"흔들리는 꽃의 모습
마지막 봄의 이슬
무심히 나리는 꽃은
멀리 흩날려 가네요
다신 멀어지고 싶지는 않았어요
함께 하기를 매일 바래요
혼자서 품에 안았던 꽃잎이 떨어져요
봄날의 꿈이 희미해져요
이 슬픔이 온 하늘을 전부 덮으려 해도
계절은 흘러가고 있어요
바람이 차가운 걸요
차창 밖의 해의 모습
일렁인 빛의 물결
지평선 아래 바다로
깊이 떠내려가네요
다신 멀어지고 싶지는 않았어요
함께 하기를 매일 바래요
혼자서 품에 안았던 꽃잎이 떨어져요
봄날의 꿈이 희미해져요
이 슬픔이 온 하늘을 전부 덮으려 해도
계절은 흘러가고 있어요

보이지 않는 것을 믿었어요
바람을 노래하며
혼자서 품에 안았던 꽃잎이 떨어져요
봄날의 꿈이 희미해져요
이 슬픔이 발걸음을 잠시 멈추려 해도
계절은 흘러가고 있어요
바람이 차가운 걸요"
20,20,비.비.비,사뮈 (Samui),"어느날 우연히 만났다
그대와 가까이 되었네
지금은 이렇게 혼자서
그대를 그리고 있네
화병에 꽃들은 시들고
커튼은 힘없이 늘어져
방안에 흩어진 책가지
그대로 그렇게 있네
비비비 내리는 창가에
나홀로 이렇게 서있네
비비비 내리는 마음에
우산을 씌워주세요
비비비 내리는 창가에
나홀로 이렇게 서있네
비비비 내리는 마음에
우산을 씌워주세요
비비비 내리는 창가에
나홀로 이렇게 서있네
비비비 내리는 마음에
우산을 씌워주세요"
21,21,Marigold,NVM,"시끄럽던 우리 사이 얘길 꺼낼 때
너는 바다에 있었고
나는 뻗어져 있었어

어지럽던 날이 지난
미소를 가지고
나는 말이 없었고
너도 말이 없었어

그댄 물결처럼 드리우는 그림자
넌 나의 바로 옆자리에
네 신발을 벗은 채 내게 다가왔고
난 너와 닿을수록
우리의 푸른 밤을 지나
더 멀어지고 있어 너와 나의 그 사이에

그댄 물결처럼 드리우는 그림자
넌 나의 바로 옆자리에
네 신발을 벗은 채 내게 다가왔고
난 너와 닿을수록
우리의 푸른 밤을 지나
더 멀어지고 있어 너와 나의 그 사이에"
22,22,Here I am,희야 (Heeya),"All the memories faded out
And your smile turned to black
Do you know this moment is end of our love?
You don’t know end of the love

Is getting better?
Over and over again.
Is getting better?
But I can’t let you go

Here I am
I am here, dear
Here I am
I am here, dear

Is getting better?
Over and over again.
Is getting better?
But I can’t let you go

Here I am
I am here, dear
Here I am
I am here, dear

I never go anywhere (I won’t go anywhere)
Always be with you, here (I always be with you)
So, don’t mess up anything
I’m still loving you (I always love with you, my dear)

Here I am
I am here, dear
Here I am
I am here, dear"
23,23,촉,ChoiTH(초이스),"더 치밀하게 거짓말을 해
차라리 모르고 지나가길 원해
넌 그냥 아무렇지 않게 내게 웃어주면되
양심의 가책같은건 느끼지 않아도되
난 그렇게 너의 거짓말에 그냥 넘어가줄게
그러면 아무일도 없을거야 babe
그려볼래 둘만의 party yeah

그러다 갑자기 머릿속을 찌릿하게 만드는 그건 나의 촉
혹시나 해서 가만히 앉아서 아닐거라 진정하고 지나가듯 너에게 묻는 나는 곧
왜 너는 이렇게 순순히 말해 아니라고 내게 좀 더 격하게 거짓말을 해
이 촉은 화살촉이 되어 내게 돌아오네 주저앉아버리네

불현듯 엄습해온 이런 느낌은 왜 항상 맞을까
무심코 던진 말에 항상 상처받는것은 나일까
널 너무 사랑한 나에겐 왜 이것밖에 남지않는가
아파 아파 날 아프게 만든 이 촉이 너무나 싫다?

더 치밀하게 거짓말을 해
차라리 모르고 넘어가길 원해
넌 그냥 아무렇지않게 내게 안기면 되
양심의 가책같은건 느끼지 않아도 돼

또 그렇게 너의 거짓말에 그냥 넘어가줄게
그렇게 아무일도 없던것처럼 yeah
와서 내게 kiss me bebe

촉촉이 젖은 머릿결로 나에겐 나밖에 없다고 뒤돌아서선 그의 품에 기대고
촉이 와버린 난 너를 놓고싶어도 놓지못하고 뒤에서 너를 안아준다
이건 바보같이 반복되는 drama 비련의 주인공이 되고싶진않아
이미 다 알고있지만 오늘도 속고있어 난 널 잃을까봐?

불현듯 엄습해온 이런 느낌은 왜 항상 맞을까
무심코 던진 말에 항상 상처받는것은 나일까
널 너무 사랑한 나에겐 왜 이것밖에 남지않는가
아파 아파 날 아프게 만든 이 촉이 너무나 싫다?

woo 하필 왜 나는 너를 사랑하게 되서
woo 우울한 사랑에 빠져있게 됐어
차라리 아무 생각도 없었다면
차라리 모르고 지나갔었다면
차라리 그런 바보같은 물음조차 없었다면 행복했을까

좀 더 거짓말해 내가 절대 눈치 못채게
사실 다 알고있지만 촉이 왔지만 이제 와 널 향한 사랑 멈추면 안돼
바보같지만 바보같이 속아볼래 이따위 촉 같은거 믿지않아 절대
내 곁에 있어줘 바보같이 너만 원하고 있어

불현듯 엄습해온 이런 느낌은 왜 항상 맞을까
무심코 던진 말에 항상 상처받는것은 나일까
널 너무 사랑한 나에겐 왜 이것밖에 남지않는가
아파 아파 날 아프게 만든 이 촉이 너무나 싫다?"
24,24,쿠빌라이 칸,멋진인생 (Meotjinsaeng),"쿠빌라이 칸

맞서서 싸우자 나는 쿠빌라이 칸
맞서서 싸우자 나는 쿠빌라이 칸
맞서서 싸우자 나는 쿠빌라이 칸
맞서서 싸우자 나는 쿠빌라이 칸"
25,25,사랑해 많이,머스마 프로젝트,"한 번 보니 또 보고 싶고 두 번 보니 정신이 번쩍
세 번 보니 운명인듯한 너는 내 여자

두근두근두근두근 이런 내가 첨이야
아른아른아른아른 하루 종일 생각나

사랑해 많이 (사랑해 많이)
사랑해 많이 (사랑해 많이)
사랑해 많이 (사랑해 많이)
누구보다 더 행복하게 해줄게

거울만 자꾸 보게 되고 멋진 핏을 뽐내고 싶고
머리도 피부도 만지고 너 때문이야

울렁울렁울렁 대는 이 가슴은 첨이야
어딜 가나 어딜 보나 니 얼굴이 떠 올라

사랑해 많이 (사랑해 많이)
사랑해 많이 (사랑해 많이)
사랑해 많이 (사랑해 많이)
누구보다 더 행복하게 해줄게

너 때문에 내 인생이 바뀔 것 같아

(사랑해 많이)
(사랑해 많이)
사랑해 많이 (사랑해 많이)
누구보다 더 행복하게 해줄게"
26,26,믿음과 죽음의 알,Sunyfur Trio,"닭똥 냄새가 지독한
쇠창살에 갖혀
무의식으로 낳은 알들이
움직이기 시작한다

알은 금이가고
이내 쪼개진다

똑같은 내 얼굴이
세상의 공기에 맞닿으며
찢어지는 울음소리를 낸다
찢어지는 울음소리를 낸다

나는 반쯤 포기한 채
내 몸을 내어준다
추욱 늘어져
내 간과 허파를
찍어먹게 냅둔다

나는 반쯤 포기한 채
내 몸을 내어준다
추욱 늘어져
내 간과 허파를
찍어먹게 냅둔다

초점이 흐린 눈들은
또 다른 내가 될 것이라
굳게 믿는다
믿음의 죽음이다

초점이 흐린 눈들은
또 다른 내가 될 것이라
굳게 믿는다
믿음의 죽음이다

믿음의 죽음이다
믿음의 죽음이다
믿음의 죽음이다
믿음의 죽음이다"
27,27,밤의 세계에서,제인팝,"진실의 방
싸늘해져 가는 여기
침묵이 가득해
여전히 무거운 공기

새어나간 건
우리 말고 모를 비밀
스치듯 떠오른 지금
모든 순간이 slow motion

One shot was fired

젊은 날이여 Adios
참 아름다웠다
나 남은 불꽃을 다 태웠고

긴 긴 밤이여 Adios
한땐 전부였던
is this the end of night
찰나 같았어 I don't mind

밤은
영원하지만
다 가질 수는 없겠지
다만 기억해


순간의 정적 마치
폭풍 전의 밤
진실은 어둠에 담아
이대로 잠겨 영원히

젊은 날이여 Adios
참 아름다웠다
나 남은 불꽃을 다 태웠고

긴긴 밤이여 Adios
한 땐 전부였던
is this the end of night
찰나 같았어 I don't mind

밤은
영원하지만
다 가질 수는 없겠지
다만 기억해

끝이 혼자라는 것이 내게
슬프지만 어울려
무엇을 쥐고서
무엇을 향해서
무던히 방황을 했나
바보 같이


젊은 날이여 Adios
참 아름다웠다
나 남은 불꽃을 다 태웠고

긴 긴 밤이여 Adios
한땐 전부였던
is this the end of night
찰나 같았어 I don't mind

밤은
영원하지만
다 가질 수는 없겠지
다만 기억해"
28,28,물방울,KONTRAJELLY (콘트라젤리),"이웃집 철이는
계란 요리를 하고
여섯 시면 다들
모이기로 했다네

원숭이 엉덩이는
앉을 데가 없고
서 있기도 조금 그래서
아무 데나 앉았네

창문 밖에서는
무궁화가 지고
건너편 집 불빛이
하나둘씩 켜진다네

자꾸 마시다가
맛이 가버리면
달빛을 받으며
집에 가면 된다네

태풍이 끝나고 칠월이 온다면
이곳에는 먼지만 쌓여가겠지

어디에 앉아도 차가워 떨겠지
휴일이 헛되이 지나가겠지

기다릴 사람이 아무도 없다면
비바람은 이쪽으로만 불어오겠지"
29,29,비상구(feat.초승달),JIMMY,"같이 갈래
아무것도 들 수는 없어도
너와 내 시선이 같다면
내가 곧 너의 꿈이 될게
손잡고 달릴게
주저하지마
너의 앞에 내가 있잖아
내가 아는 너라면
다시 털고 일어나서 나와 같이 갈 거야

내 손 만을 잡아줘
너만 괜찮다면
같이 도망치자
저기 저 비상구로

Wah~ 어디로 떠나던지
너라면 다 괜찮아
우린 도망갈 거야
Wah~ 내 사랑은 너인데
너라면 다 괜찮아
우린 떠나갈 거야

날 구해줘
저기 사람들의 눈빛을 봐봐
날 꺼내줘
나와 여기서 함께 도망쳐줘
저길 봐 손가락질해
내가 버티기엔 무리야
너의 손은 내가 꼭 붙잡을 게
앞만 보고 우리 같이 달리자

내 손을 잡아줘
너만 괜찮다면
같이 도망치자
저기 저 비상구로

Wah~ 어디로 떠나던지
너라면 다 괜찮아
우린 도망갈 거야
Wah~ 내 사랑은 너인데
너라면 다 괜찮아
우린 떠나갈 거야"
30,30,눈꽃 품에 그 꽃,박정국,"그렇게 눈이 오고 있네요
하얀 눈꽃을 기다린 봄꽃
너무 새하얘 빛이나는 눈꽃은
봄꽃 안아주네요

바람이 구름 부른 그 계절
휘어서서 홀로 핀 그 봄꽃
꽃잎이 비얼음에 떨어져
끝이없이 하늘만 보네

눈꽃은 기다려요 봄꽃 피기를
가지 끝에 눈물 되어도
눈꽃은 비가되어 봄꽃 적시며
그 계절은 그렇게 만나

구름이 해를 품은 그 계절
하늘보며 홀로 핀 그 봄꽃
꽃잎이 비얼음에 떨어져
하염없이 눈을 그리네

눈꽃은 기다려요 봄꽃 피기를
가지 끝에 눈물 되어도
눈꽃은 비가되어 봄꽃 적시며

그 계절을 기적처럼

봄 꽃은 기다려요 눈꽃 내리길
가지위에 얼어버려도
봄꽃은 녹아내린 눈꽃 때문에
두 계절은
마법처럼 이루어지네"
31,31,복사 붙여넣기 (Feat. 은혜),Western P.I.G,"우연히 널 보게 된다면
확인 하고픈 게 참 많아
요즘 마음이 소란스러워
아무래도 너 때문이야

한 발 두 발 너에게 다가갈수록
깊어져 가는 마음이
콩닥 콩닥 네 손등에 맞닿으면
심장이 고장난 기분

복사 붙여넣기 내 맘을 네게
그저 그대로 전해 주고 싶은 걸
너와 내 데칼코마니 달콤한 이
감정 대체 뭘까

심장의 온도와 박동수는 비례해
너를 떠올릴수록 상승 그래프야
널 위한 PPT 이걸 본 너의 평점은
별이 몇개인지 궁금해

한 발 두 발 너에게 다가갈수록
깊어져 가는 마음이
콩닥 콩닥 네 손등에 맞닿으면
심장이 고장난 기분

복사 붙여넣기 내 맘을 네게
그저 그대로 전해 주고 싶은 걸
너와 내 데칼코마니 달콤한 이
감정 대체 뭘까

Cuz I really want u really want u 넌
아마도 내 맘과 같지 않을 수 있어도
내 맘은 쉽게 변하지 않을 것 같아
그러니까

복사 붙여넣기 내 맘을 네게
그저 그대로 전해 주고 싶은 걸
너와 내 데칼코마니 달콤한 이
감정 대체 뭘까"
32,32,Run Baby Run,이지형,"세상 깊은 밤 모두 깊은 잠
이런저런 걱정들로 잠들 수 없는 밤
쓸모없는 나
도대체 내가 뭘 잘 할 수 있을까
생각일랑 접고 일단은 좀 달려보자
Run Baby Run
Run Baby Run
Run Baby Run
Baby Run Baby Run
Run Baby Run
Run Baby Run
Run Baby Run
Baby Run Baby Run
새벽 찬 바람 살을 파고드는 공기
어느새 붉어진 하늘이 아름다워
숨이 가득 차올라
이대로 쓰러질 것 같을 때쯤에 나
비로소 그때 살아있는 것만 같아
Run Baby Run
Run Baby Run
Run Baby Run
Baby Run Baby Run
Run Baby Run
Run Baby Run
Run Baby Run
Baby Run Baby Run
달빛 보다 더 빨리
멀리 어제보다 한 걸음 더
아침이 밝아 올 때까지
Baby please don‘t stop
Baby please don‘t stop
Baby please don‘t stop
Baby please don‘t stop
Baby please don‘t stop
Baby please don‘t stop
Run Baby Run
Run Baby Run
Run Baby Run
Baby Run Baby Run
Run Baby Run
Run Baby Run
Run Baby Run
Baby Run Baby Run"
33,33,고장로봇,미아,"들리나요 어제 내꿈 이야기
가슴이 고장나서 말하지 못했죠.
우리의 시간은 여기까지.
아직하지 못한말.
작은 메모리에 담아 보아요

이제 와서 이런 말 하긴 그렇지만
그댄 내게 사랑인걸요
어쩌지못할 내일이 다가온대도
난 그대와 눈감을래요

보이나요 어제 내 꿈 이야기
마음이 아파와서 지우질 못했죠.
우리의 시간은 여기까지.
아직까지 못한말
작은 별들에게 물어 보아요.

이제 와서 이런 말 하긴 그렇지만
그댄 내게 사랑인걸요
어쩌지못할 내일이 다가온대도
난 그대와 눈감을래요


이제 와서 이런 말 하긴 그렇지만
그댄 내게 영원인걸요
어쩌지못할 내일이 다가온대도
난 그대와 손 잡을래요

이런것이 마음 일까요 아프지만
내게 너무 어려운걸요
빛나지 못할 내일이 다가온대도
난 그대와 눈감을래요"
34,34,그 마음,자왕,"두근대는 그 마음은 숨기고
걸음 걸음 큰 용기를 더해서
둥그렇고 꽤 커다란 세상에
한 발 두 발 내딛으며 웃었지
오 나의 유년시절
난 변함없어 지금도 그 때 그 마음이야
설레고 두려워 아름답게
이 공간 속을 헤엄쳐 그 때 그 마음이야
당당해 웃기고 촌스럽고 빛나고 소중해
영원해 너처럼
오 나의 유년시절
난 변함없어 지금도 그 때 그 마음이야
설레고 두려워 아름답게
이 공간 속을 헤엄쳐 그 때 그 마음이야
당당해 웃기고 촌스럽고 빛나고 소중해
영원해 너처럼

두근대는 그 마음은 숨기고
걸음 걸음 큰 용기를 더해서
둥그렇고 꽤 커다란 세상에
한 발 두 발 내딛으며 웃었지"
35,35,My Magical Romance,소피의 마법일기,"Draw a circle and a star
Light a candle in a jar
And I put a spell on you
Got you under my voodoo

My design is divine,
Very soon you will be mine

Every day, and every night
I can't stop thinking 'bout you
I try to catch your eyes
in a superstitious way

Down below, up above
I'll be watching you all day
Don't hesitate and say
Will you be mine

And I read the horoscope
Maybe I still have a hope
So I make a special move
with a supernatural groove

My design is divine,
Very soon you will be mine

Every day, and every night
I can't stop thinking 'bout you
I try to catch your eyes
in a superstitious way

Down below, up above
I'll be watching you all day
Don't hesitate and say
I love you

And in the darkest deepest night,
I will crawl into your scary dreams
And if you see my eyes,
you are hypnotised to me, to me

I put a spell on you
I put a spell on you

Every day, and every night
I can't stop thinking 'bout you
I try to catch your eyes
in a superstitious way

Down below, up above
I'll be watching you all day
Don't hesitate and say
I love you

Every day, and every night
I can't stop thinking 'bout you
I try to catch your eyes
in a superstitious way

Down below, up above
I'll be watching you all day
Don't hesitate and say
Will you be mine"
36,36,푸른봄 (靑春),SEJI,"하얀 영혼 쉼없는 움직임
짙게 퍼져가는 그들의 땀향기
소리없는 외침에 답할리 없는 험난한 겨울
아픔뒤에 찾아오는 성장의 고통 내 젊음
푸른봄 그 끝나지 않은 아름다움
우린또 그 속에서 살아 가겠지
지금이 시작이라고 말해줘
언제나 난 이 길위에 서있어

반짝이는 그대의 땀방울은 햇살의 거울
내청춘의 시작은 그대라는 사랑의 이름
푸른봄 그 끝나지 않은 아름다움
우린또 그 속에서 살아 가겠지
지금이 시작이라고 말해줘
언제나 난 이 길위에 서있어.

청춘 끝나지 않을 아름다움
나는또 그 속에서 살아 가겠지
지금이 끝이 아니라고 말해줘
언제나 난 이 길을 달려 갈꺼야.

청춘 우리의 아름다운 이야기
청춘 끝나지 않는 아름다움"
37,37,Heart disease,모르피네 (Morphiné),"아 사라진 네 흔적, 지워져
아 되뇌이네 남은것도 하나 없는데
잘게 찢어진 심장의 파편에 베이네
아 죄여오는 숨통을 끊어줬으면 해

붉은 잔재, 흩어져 버린 그 애증의 결말
차가운 시선에 또 남겨져
원한다면, 전부 다 너에게 바칠 수 있게
미쳐버린 나를 어서 꺼내줘

Loveless loveless did I
Hopeless hopeless I
비틀린 애정이라도 받을 수 있다면

Only one only one, hold me
Only you only you 나를
비참하게 버려진 날 다시
please love me

아 견고하던 당신이 무너져 내리네
빛바랜 네게, 다시 보여줄 수 있다면

썩어 저 멀리 녹아내린 네 육체
망가진 내 심장은 그저 제자리에
버려진 신념과 인간성에 잠식된 자아
죽음을 외쳐보네

Bring me to the paradise
where is your Eden
나를 데려가요 낙원으로
꿈에서 보았던 너에게로
찬란하던 나락의 끝으로"
38,38,"NEED TO BREATHE (Feat. Movin, 추서준)",ryuxjo,"It’s the reason I'm depressed
looking for you everyday
How could you do
How could you do

When I’m away from blue
wish it wasn’t true yeah
How could you do
How could you do

When I found out I’ve down for you
It just killing to my

Even If I die tomorrow yeah
Even If I die tomorrow
disbelieve your lie

Leaving my blue
leave in my love
This is just a pain

Going out of head
Stay awake
Still I'm standing here
for one's death

여전히 나 많이 맘이 왔다가서
내게로 전해들은 이야기 마저 알아갔어
시간이 없단말로 넘어왔던 그날도
대충 던진 듯 의미심장했던 말도

아무것도 몰라서
바보같이 골라서
날카로운 말을 했어 그때로 돌아가려해
너는 날 가려 왜

이 추억과 사랑에 새로운 싹이 났어
비를 머금은 채로 때론 울상이였지만
내가 바라고 애정한만큼 땀이 났던
지난 여름처럼 우린 더 자라왔어

마지막은 생각처럼 쉽지않네
시간은 나의편이 아니였었네
이사계가 지나가도록

Even If I die tomorrow yeah
Even If I die tomorrow
disbelieve your lie

Leaving my blue
leave in my love
This is just a pain

Going out of head
Stay awake
Still I'm standing here
for one's death

지나온 우리를
다시 추억하기엔
I’m happy that your not here with me

여전히 여기서
이대로 갇혀서

Even if i die tomorrow

Even If I die tomorrow yeah
Even If I die tomorrow
disbelieve your lie

Leaving my blue
leave in my love
This is just a pain

Going out of head
Stay awake
Still I'm standing here
for one's death"
39,39,강강술래,품바21,"여기여 왔네 오늘도 좋다고 또 뛰어왔네
품바가 왔네 오늘도 좋다고 또 뛰어왔네

품바가 왔다네 잘도 논다
품바가 왔다네 잘도 논다
다 같이 일어나서 놀아보세
다 같이 일어나서 놀아보세
품바가 왔다네 잘도논다
품바가 왔다네 잘도논다
품바가 왔다네 잘도논다
품바가 왔다네 잘도논다 예!

여기여 왔네 오늘도 좋다고 또 뛰어왔네
품바가 왔네 오늘도 좋다고 또 뛰어왔네

강강술래 강강술래

좋아! 강강술래 하러 가볼까잉!"
40,40,숨이 차올라,1DB (원디비),"숨이 차올라
시원한 바람에 너의 웃음소리 흘러가고
눈치도 없이
뛰는 내 가슴에 나도 모르게 환하게 웃는 나

습관처럼 난 너를 그리곤해
반짝이던 너의 눈, 다정한 미소
혼자만의 착각인가 너도 나와 같을까
알수없는 너의 마음 자꾸 날 잠 못 들게 해

고민하다 누르는 너의 번호
또 쓰다만 편지
그 순간 만나잔 너의 연락에 달려가

숨이 차올라
시원한 바람에 너의 웃음소리 흘러가고
바라던 순간
내 앞에 니 모습 떨리는 내 맘 네게 들킬까봐 난
숨을 고르고
너에게 다가가 애써 태연한척 해보지만
눈치도 없이
뛰는 내 가슴에 나도 모르게 환하게 웃는 나

선선한 밤 너와 나 걷던 그 거리
다정한 연인들의 모습을 보며

너의 옆에 항상 내가 있기를
우리 함께이기를
오늘은 말할거야, 내 맘 꼭 전할래

숨이 차올라
시원한 바람에 너의 웃음소리 흘러가고
바라던 순간
내 앞에 니 모습, 떨리는 내 맘 네게 들킬까봐 난
숨을 고르고
너에게 다가가 애써 태연한척 해보지만
눈치도 없이
뛰는 내 가슴에 나도 모르게 환하게 웃는 나

아무도 몰래
지켜온 내 마음 어떻게 전할까 고민했지만
나도 모르게
커버린 내 마음 더이상 숨길 수 없어
이젠 말할게
널 향한 내 마음 받아줘 날 향해 환히 웃어줘
처음 본 순간
난 늘 꿈꿔왔어, 너와 나 함께 할 이 순간들을"
41,41,단짝,소몽,"비 올 때도 눈 올 때도 너와 나는 실과 바늘

미워해도 화해해도 너는 내게 세상 전부

서로라는 말로 함께라는 말로 우린 항상 같은 마음 내 곁에 있어줘

서로라는 말로 함께라는 말로 우린 항상 같은 마음 계속 곁에 있어줘


서로라는 말로 함께라는 말로 우린 항상 같은 마음 계속 곁에 있어줘

미워해도 화해해도 너는 내게 세상 전부 계속 곁에 있어줘"
42,42,바보춤꾼,장끼전,"춤추는 그대여
긴장과 저항없이 자연 그대로
솜씨있게 춤추는 구려

춤추는 그대여
그대의 움직임은 사랑의 경이를
드러내고 있다오

언어가 끊어진 자리에서
자유로이 춤추는 그대
눈으로 듣고 귀로 보는
바보춤꾼 바보춤꾼 그대

춤추는 그대가 춤이요
사랑과 열정이 그대의 춤이요
따스한 손길이 그대의 춤이요
그 고운 탄성이 그대의 춤이요

사랑이 춤추는 그대
순수가 춤추는 그대
춤추는 그대여
춤추는 그대여

춤추는 그대가 춤이요
사랑과 열정이 그대의 춤이요
따스한 손길이 그대의 춤이요
그 고운 탄성이 그대의 춤이요

사랑이 춤추는 그대
순수가 춤추는 그대
춤추는 그대여
춤추는 그대여

그대의 춤은
허공에 쏟아 놓은 노래
시간이 몸에 남긴 흔적
그대는 내 영혼의
바보춤꾼 바보춤꾼이라오."
43,43,강 (Lethe),이아트,"참 고단했어
이 세상에서
중심을 잃었어
사라지길 바랐어

아픈 마음 꿈에서만
행복했어
그래서 꿈에서만
있길 바라왔어

너의 아픔
왜 몰랐는지
난 꿈속 안에서도
너를 찾고 있었는지

망각의 강 그 앞에서
손을 잡고 나아가면
아픈 기억 슬픈 기억
사라질 거야."
44,44,Blackwater,맥거핀 (MGFF),"Go take your ride
That’s what we wanted
You pick your side
Cause we’re in endgame

Don’t tell me now
It ain’t good timing
Don’t get to know
Before you’re trying, fool

Bang Bang, If we have to fight, we Fight but
Bang Bang, If we have to run, we’ll run but
Bang Bang, If we have to die, we’ll die but

Bang Bang, If we have to fight, we Fight but
Bang Bang, If we have to run, we’ll run but
Bang Bang, If we have to die, we’ll die but

Don’t you know I’m just a bad dog
When you find me, run
Till you feel better
Keep going

Don’t you know I’m just a bad dog
When you find me, run
Till you feel better
Keep going

Don’t you know I’m just a bad dog
When you find me, run
Till you feel better
Keep going

Ain’t afraid of dying
Ain’t afraid of lying
Is there someone I can see

Bang Bang, If we have to fight, we Fight but
Bang Bang, If we have to run, we’ll run but
Bang Bang, If we have to die, we’ll die but

Bang Bang, If we have to fight, we Fight but
Bang Bang, If we have to run, we’ll run but
Bang Bang, If we have to die, we’ll die but
Ain’t got too much to say no more

Don’t you know I’m just a bad dog
When you find me, run
Till you feel better
Keep going

Don’t you know I’m just a bad dog
When you find me, run
Till you feel better
Keep going

Don’t you know I’m just a bad dog
When you find me, run
Till you feel better
Keep going

Don’t you know I’m just a bad dog
Don’t you know I’m just a bad dog
Don’t you know I’m just a bad dog"
45,45,소년의 눈,톡식,"dancing in the pouring rain
넌 아무것도 모른채
세상을 바라 보는 소년의 눈

말할 수 없는 비밀로
미래를 간직해
커져만 가는 소년의 꿈

so bright, you could be the star
설렘, 떨리는 가슴이 피어나

별이 되고 싶던 날
그날을 노래할래 oh oh oh
어떤 날이 와도 상관 없어
whenever only for you

가본 적 없는 곳
어디든 갈 수 있어
어둠이 두려워
눈을 감을 수가 없어

so bright, you could be the star
설렘, 떨리는 가슴이 피어나

별이 되고 싶던 날
그날을 노래할래 oh oh oh
어떤 날이 와도 상관 없어
whenever only for you

원하는 모든 걸 다 그냥 하면 돼
꿈꾸는 나를 말해봐

dancing in the pouring rain
넌 아무것도 모른채
세상을 바라 보는 소년의 눈

별이 되고 싶던 날
그날을 노래할래 oh oh oh
어떤 날이 와도 상관 없어
whenever only for you

눈을 떠 이제 그 시간 속에
너를 기억해 oh oh oh
어떤 날이 와도 상관 없어
whenever only for you"
0,0,그 마음,자왕,"두근대는 그 마음은 숨기고
걸음 걸음 큰 용기를 더해서
둥그렇고 꽤 커다란 세상에
한 발 두 발 내딛으며 웃었지
오 나의 유년시절
난 변함없어 지금도 그 때 그 마음이야
설레고 두려워 아름답게
이 공간 속을 헤엄쳐 그 때 그 마음이야
당당해 웃기고 촌스럽고 빛나고 소중해
영원해 너처럼
오 나의 유년시절
난 변함없어 지금도 그 때 그 마음이야
설레고 두려워 아름답게
이 공간 속을 헤엄쳐 그 때 그 마음이야
당당해 웃기고 촌스럽고 빛나고 소중해
영원해 너처럼

두근대는 그 마음은 숨기고
걸음 걸음 큰 용기를 더해서
둥그렇고 꽤 커다란 세상에
한 발 두 발 내딛으며 웃었지"
1,1,My Magical Romance,소피의 마법일기,"Draw a circle and a star
Light a candle in a jar
And I put a spell on you
Got you under my voodoo

My design is divine,
Very soon you will be mine

Every day, and every night
I can't stop thinking 'bout you
I try to catch your eyes
in a superstitious way

Down below, up above
I'll be watching you all day
Don't hesitate and say
Will you be mine

And I read the horoscope
Maybe I still have a hope
So I make a special move
with a supernatural groove

My design is divine,
Very soon you will be mine

Every day, and every night
I can't stop thinking 'bout you
I try to catch your eyes
in a superstitious way

Down below, up above
I'll be watching you all day
Don't hesitate and say
I love you

And in the darkest deepest night,
I will crawl into your scary dreams
And if you see my eyes,
you are hypnotised to me, to me

I put a spell on you
I put a spell on you

Every day, and every night
I can't stop thinking 'bout you
I try to catch your eyes
in a superstitious way

Down below, up above
I'll be watching you all day
Don't hesitate and say
I love you

Every day, and every night
I can't stop thinking 'bout you
I try to catch your eyes
in a superstitious way

Down below, up above
I'll be watching you all day
Don't hesitate and say
Will you be mine"
2,2,푸른봄 (靑春),SEJI,"하얀 영혼 쉼없는 움직임
짙게 퍼져가는 그들의 땀향기
소리없는 외침에 답할리 없는 험난한 겨울
아픔뒤에 찾아오는 성장의 고통 내 젊음
푸른봄 그 끝나지 않은 아름다움
우린또 그 속에서 살아 가겠지
지금이 시작이라고 말해줘
언제나 난 이 길위에 서있어

반짝이는 그대의 땀방울은 햇살의 거울
내청춘의 시작은 그대라는 사랑의 이름
푸른봄 그 끝나지 않은 아름다움
우린또 그 속에서 살아 가겠지
지금이 시작이라고 말해줘
언제나 난 이 길위에 서있어.

청춘 끝나지 않을 아름다움
나는또 그 속에서 살아 가겠지
지금이 끝이 아니라고 말해줘
언제나 난 이 길을 달려 갈꺼야.

청춘 우리의 아름다운 이야기
청춘 끝나지 않는 아름다움"
3,3,Heart disease,모르피네 (Morphiné),"아 사라진 네 흔적, 지워져
아 되뇌이네 남은것도 하나 없는데
잘게 찢어진 심장의 파편에 베이네
아 죄여오는 숨통을 끊어줬으면 해

붉은 잔재, 흩어져 버린 그 애증의 결말
차가운 시선에 또 남겨져
원한다면, 전부 다 너에게 바칠 수 있게
미쳐버린 나를 어서 꺼내줘

Loveless loveless did I
Hopeless hopeless I
비틀린 애정이라도 받을 수 있다면

Only one only one, hold me
Only you only you 나를
비참하게 버려진 날 다시
please love me

아 견고하던 당신이 무너져 내리네
빛바랜 네게, 다시 보여줄 수 있다면

썩어 저 멀리 녹아내린 네 육체
망가진 내 심장은 그저 제자리에
버려진 신념과 인간성에 잠식된 자아
죽음을 외쳐보네

Bring me to the paradise
where is your Eden
나를 데려가요 낙원으로
꿈에서 보았던 너에게로
찬란하던 나락의 끝으로"
4,4,"NEED TO BREATHE (Feat. Movin, 추서준)",ryuxjo,"It’s the reason I'm depressed
looking for you everyday
How could you do
How could you do

When I’m away from blue
wish it wasn’t true yeah
How could you do
How could you do

When I found out I’ve down for you
It just killing to my

Even If I die tomorrow yeah
Even If I die tomorrow
disbelieve your lie

Leaving my blue
leave in my love
This is just a pain

Going out of head
Stay awake
Still I'm standing here
for one's death

여전히 나 많이 맘이 왔다가서
내게로 전해들은 이야기 마저 알아갔어
시간이 없단말로 넘어왔던 그날도
대충 던진 듯 의미심장했던 말도

아무것도 몰라서
바보같이 골라서
날카로운 말을 했어 그때로 돌아가려해
너는 날 가려 왜

이 추억과 사랑에 새로운 싹이 났어
비를 머금은 채로 때론 울상이였지만
내가 바라고 애정한만큼 땀이 났던
지난 여름처럼 우린 더 자라왔어

마지막은 생각처럼 쉽지않네
시간은 나의편이 아니였었네
이사계가 지나가도록

Even If I die tomorrow yeah
Even If I die tomorrow
disbelieve your lie

Leaving my blue
leave in my love
This is just a pain

Going out of head
Stay awake
Still I'm standing here
for one's death

지나온 우리를
다시 추억하기엔
I’m happy that your not here with me

여전히 여기서
이대로 갇혀서

Even if i die tomorrow

Even If I die tomorrow yeah
Even If I die tomorrow
disbelieve your lie

Leaving my blue
leave in my love
This is just a pain

Going out of head
Stay awake
Still I'm standing here
for one's death"
5,5,강강술래,품바21,"여기여 왔네 오늘도 좋다고 또 뛰어왔네
품바가 왔네 오늘도 좋다고 또 뛰어왔네

품바가 왔다네 잘도 논다
품바가 왔다네 잘도 논다
다 같이 일어나서 놀아보세
다 같이 일어나서 놀아보세
품바가 왔다네 잘도논다
품바가 왔다네 잘도논다
품바가 왔다네 잘도논다
품바가 왔다네 잘도논다 예!

여기여 왔네 오늘도 좋다고 또 뛰어왔네
품바가 왔네 오늘도 좋다고 또 뛰어왔네

강강술래 강강술래

좋아! 강강술래 하러 가볼까잉!"
6,6,숨이 차올라,1DB (원디비),"숨이 차올라
시원한 바람에 너의 웃음소리 흘러가고
눈치도 없이
뛰는 내 가슴에 나도 모르게 환하게 웃는 나

습관처럼 난 너를 그리곤해
반짝이던 너의 눈, 다정한 미소
혼자만의 착각인가 너도 나와 같을까
알수없는 너의 마음 자꾸 날 잠 못 들게 해

고민하다 누르는 너의 번호
또 쓰다만 편지
그 순간 만나잔 너의 연락에 달려가

숨이 차올라
시원한 바람에 너의 웃음소리 흘러가고
바라던 순간
내 앞에 니 모습 떨리는 내 맘 네게 들킬까봐 난
숨을 고르고
너에게 다가가 애써 태연한척 해보지만
눈치도 없이
뛰는 내 가슴에 나도 모르게 환하게 웃는 나

선선한 밤 너와 나 걷던 그 거리
다정한 연인들의 모습을 보며

너의 옆에 항상 내가 있기를
우리 함께이기를
오늘은 말할거야, 내 맘 꼭 전할래

숨이 차올라
시원한 바람에 너의 웃음소리 흘러가고
바라던 순간
내 앞에 니 모습, 떨리는 내 맘 네게 들킬까봐 난
숨을 고르고
너에게 다가가 애써 태연한척 해보지만
눈치도 없이
뛰는 내 가슴에 나도 모르게 환하게 웃는 나

아무도 몰래
지켜온 내 마음 어떻게 전할까 고민했지만
나도 모르게
커버린 내 마음 더이상 숨길 수 없어
이젠 말할게
널 향한 내 마음 받아줘 날 향해 환히 웃어줘
처음 본 순간
난 늘 꿈꿔왔어, 너와 나 함께 할 이 순간들을"
7,7,단짝,소몽,"비 올 때도 눈 올 때도 너와 나는 실과 바늘

미워해도 화해해도 너는 내게 세상 전부

서로라는 말로 함께라는 말로 우린 항상 같은 마음 내 곁에 있어줘

서로라는 말로 함께라는 말로 우린 항상 같은 마음 계속 곁에 있어줘


서로라는 말로 함께라는 말로 우린 항상 같은 마음 계속 곁에 있어줘

미워해도 화해해도 너는 내게 세상 전부 계속 곁에 있어줘"
8,8,바보춤꾼,장끼전,"춤추는 그대여
긴장과 저항없이 자연 그대로
솜씨있게 춤추는 구려

춤추는 그대여
그대의 움직임은 사랑의 경이를
드러내고 있다오

언어가 끊어진 자리에서
자유로이 춤추는 그대
눈으로 듣고 귀로 보는
바보춤꾼 바보춤꾼 그대

춤추는 그대가 춤이요
사랑과 열정이 그대의 춤이요
따스한 손길이 그대의 춤이요
그 고운 탄성이 그대의 춤이요

사랑이 춤추는 그대
순수가 춤추는 그대
춤추는 그대여
춤추는 그대여

춤추는 그대가 춤이요
사랑과 열정이 그대의 춤이요
따스한 손길이 그대의 춤이요
그 고운 탄성이 그대의 춤이요

사랑이 춤추는 그대
순수가 춤추는 그대
춤추는 그대여
춤추는 그대여

그대의 춤은
허공에 쏟아 놓은 노래
시간이 몸에 남긴 흔적
그대는 내 영혼의
바보춤꾼 바보춤꾼이라오."
9,9,강 (Lethe),이아트,"참 고단했어
이 세상에서
중심을 잃었어
사라지길 바랐어

아픈 마음 꿈에서만
행복했어
그래서 꿈에서만
있길 바라왔어

너의 아픔
왜 몰랐는지
난 꿈속 안에서도
너를 찾고 있었는지

망각의 강 그 앞에서
손을 잡고 나아가면
아픈 기억 슬픈 기억
사라질 거야."
10,10,Blackwater,맥거핀 (MGFF),"Go take your ride
That’s what we wanted
You pick your side
Cause we’re in endgame

Don’t tell me now
It ain’t good timing
Don’t get to know
Before you’re trying, fool

Bang Bang, If we have to fight, we Fight but
Bang Bang, If we have to run, we’ll run but
Bang Bang, If we have to die, we’ll die but

Bang Bang, If we have to fight, we Fight but
Bang Bang, If we have to run, we’ll run but
Bang Bang, If we have to die, we’ll die but

Don’t you know I’m just a bad dog
When you find me, run
Till you feel better
Keep going

Don’t you know I’m just a bad dog
When you find me, run
Till you feel better
Keep going

Don’t you know I’m just a bad dog
When you find me, run
Till you feel better
Keep going

Ain’t afraid of dying
Ain’t afraid of lying
Is there someone I can see

Bang Bang, If we have to fight, we Fight but
Bang Bang, If we have to run, we’ll run but
Bang Bang, If we have to die, we’ll die but

Bang Bang, If we have to fight, we Fight but
Bang Bang, If we have to run, we’ll run but
Bang Bang, If we have to die, we’ll die but
Ain’t got too much to say no more

Don’t you know I’m just a bad dog
When you find me, run
Till you feel better
Keep going

Don’t you know I’m just a bad dog
When you find me, run
Till you feel better
Keep going

Don’t you know I’m just a bad dog
When you find me, run
Till you feel better
Keep going

Don’t you know I’m just a bad dog
Don’t you know I’m just a bad dog
Don’t you know I’m just a bad dog"
11,11,소년의 눈,톡식,"dancing in the pouring rain
넌 아무것도 모른채
세상을 바라 보는 소년의 눈

말할 수 없는 비밀로
미래를 간직해
커져만 가는 소년의 꿈

so bright, you could be the star
설렘, 떨리는 가슴이 피어나

별이 되고 싶던 날
그날을 노래할래 oh oh oh
어떤 날이 와도 상관 없어
whenever only for you

가본 적 없는 곳
어디든 갈 수 있어
어둠이 두려워
눈을 감을 수가 없어

so bright, you could be the star
설렘, 떨리는 가슴이 피어나

별이 되고 싶던 날
그날을 노래할래 oh oh oh
어떤 날이 와도 상관 없어
whenever only for you

원하는 모든 걸 다 그냥 하면 돼
꿈꾸는 나를 말해봐

dancing in the pouring rain
넌 아무것도 모른채
세상을 바라 보는 소년의 눈

별이 되고 싶던 날
그날을 노래할래 oh oh oh
어떤 날이 와도 상관 없어
whenever only for you

눈을 떠 이제 그 시간 속에
너를 기억해 oh oh oh
어떤 날이 와도 상관 없어
whenever only for you"
12,12,마른하늘,신스카이,"난 푸른 멍든 새벽
고된 하루 마치고 꿈을 꾸네

나 꿈에서 그림을 그렸어
난 살아 있는 것을 그리며 살아

그토록 바라던 모습으로
그렸던 모습이 나이기를

그토록 바라던 모습으로
그렸던 시간이 나였으면 해

구름이 없는 시간
해가 질 때
이 계단을 다시 올라갔으면 해


하얗게 물든 하늘
둘로 나눠진 세상을 바라보네

지나간 시간의 틈 속에
깊게 감춰진 그곳을 알아보네

그토록 보았던 그곳에는
그리운 모습이 나이기를

그토록 바라던 그곳에는
기억의 모습이 나였으면 해

구름이 없는 시간
해가 질 때
이 계단을 다시 올라왔으면 해"
13,13,You were star (Feat. SOUNG YUN),씨쏘 (Seesso),"도심 속 작은 나의 터
언제 만나도 환한 너의 존재
누굴 만나건 어딜 가던
니 얘길 꺼내

가끔씩 보이던 네 단점까지도
다 잊어버리도록 말하고
빛나던 니 모습에 자꾸 따라가게돼

난 말야 원했지
모두의 앞에 놓인
시련을 털고 날아올라
또 다른 이의
별이 될수 있게

넌 말야 변했지
환하게 웃던
그 모습까지도
다 거짓말이라 했던것처럼

반짝반짝 빛나는 별
나 없는 세상을 비춰줄래
아름답게 빛나던 넌
이제는 없지만

you were star
you were star
그대는 나를 부른 별
환하게 날 이끌던 별
이젠 떠나버린
oh 너는 나의 낮에만 뜨는 별
you were star


엎어진 도미노 갈라진 배위로
나올줄알았던 gold rush
나와 너의 대화속에 만들어진 slow hurt

우리는 마치 fifty (fifty)
예고도 없이 victim
나오든말든 신경을 안쓰니
상처는 더해가 깊이

어차피 진흙탕 싸움 속
발딛은 너와나 사이
달리 해줄말없으니
그만 보내줄래 Good Bye

자릴비워 더 퍼져 걷잡을수없이 커지도록
난 이미 널 지웠어 믿으시던가
신경쓰기싫어

난 말야 원했지
모두의 앞에 놓인
시련을 털고 날아올라
또 다른 이의
별이 될수 있게

넌 말야 변했지
환하게 웃던
그 모습까지도
다 거짓말이라 했던것처럼

반짝반짝 빛나는 별
나 없는 세상을 비춰줄래
아름답게 빛나던 넌
이제는 없지만

you were star
you were star
그대는 나를 부른 별
환하게 날 이끌던 별
이젠 떠나버린
oh 너는 나의 낮에만 뜨는 별
you were star


한때 나 꿈을 꾸었죠
그대와 함께하는꿈
밤 하늘 위 별되어
모두를 비춰주던 꿈

이젠 더 이상 없는 그대여
나 밤이 찾은 어디든 별 되어 비춰줄게

you were star
you were star
그대는 나를 부른 별
환하게 날 이끌던 별
이젠 떠나버린
oh 너는 나의 낮에만 뜨는 별
you were star"
14,14,let me down,75,"지금 내 모습이 어때
반복되는 삶에
애꿏은 시계만
또쳐다보는데
똑같은말들에
또 똑같은 걸음에
도착지는 결국 제자리인데

너는 지금뭐해
나는 그저그래
또 하루를 보내
그저 그렇게 보내
사라진 영혼에
사랑이 필요해
난 아직 여기에
기다린다 전해

let me down
날 원망해
let me down
날 봐줄래
난 여기
더 있지않을래
제자리걸음속 벗어날래

let me down
날 원망해
let me down
날 봐줄래
난 여기
더 있지않을래
제자리걸음속 벗어날래

결승선이 없는 마라톤
발걸음은 무겁고
지금에 집중하자
생각하고있어도
미래의두려움은
날 묶는 족쇄인데
지금 멈추기엔
나한테 너무 미안한데
날 두고 가지마
나만 남겨두지마
또 나아가지마
나혼자 두고가지마
이제 또 마지막
경기를시작해
나아가는 걸음은
번데기의 꿈인걸

let me down
날 원망해
let me down
날 봐줄래
난 여기
더 있지않을래
제자리걸음속 벗어날래

let me down
날 원망해
let me down
날 봐줄래
난 여기
더 있지않을래
제자리걸음속 벗어날래

난 지금 여기 있어
반복되는 하루에
난 아직 여기 있어
반복되는 날들에
난 계속 여기있어
이젠 벗어나고싶어
나아가려해도
망망대해같은
여기서 나아가고싶어
또 걸어가고싶어
또 벗어나고싶어
이젠 탈출하고싶어
지쳐버린 제자리걸음속
도착지를 알고싶어
지쳐버린 나에게
안정을주고싶어

let me down
날 원망해
let me down
날 봐줄래
난 여기
더 있지않을래
제자리걸음속 벗어날래

let me down
날 원망해
let me down
날 봐줄래
난 여기
더 있지않을래
제자리걸음속 벗어날래"
15,15,니 생각,둘라밤,"니 생각만 해 정말 징글징글징글해 정말 징글징글징글해
니 생각만 해 자꾸 싱글벙글벙글해 자꾸 싱글벙글벙글해
니 생각만 해 너무 지긋지긋지긋해 너무 지긋지긋지긋해
니 생각만 해 정말 징글징글징글해 정말 징글징글징글해

니 생각만 해 정말 징글징글징글해 정말 징글징글징글해
니 생각만 해 자꾸 싱글벙글벙글해 자꾸 싱글벙글벙글해
니 생각만 해 너무 지긋지긋지긋해 너무 지긋지긋지긋해
니 생각만 해 정말 징글징글징글해 정말 징글징글징글해

한참 밤이 깊은데
니 생각이 났네
니 생각이 날 때
난 바보가 됐네

한참 밤이 깊은데
니 생각이 났네
어떻게 할 수가 없네
니 생각이 날 때


니 생각만 해 정말 징글징글징글해 정말 징글징글징글해
니 생각만 해 자꾸 싱글벙글벙글해 자꾸 싱글벙글벙글해
니 생각만 해 너무 지긋지긋지긋해 너무 지긋지긋지긋해
니 생각만 해 정말 징글징글징글해 정말 징글징글징글해


정말 징글징글징글해 정말 징글징글징글해
정말 징글징글징글해 정말 징글징글징글해
정말 징글징글징글해 정말 징글징글징글해
정말 징글징글징글해 정말 징글징글징글해"
16,16,It's our day,유용민,"세상 속의 많은 상처가
다시 나를 일으키게 해
넘어져도 나 달려가야 해
먹구름이 숨겼던 찬란한 태양의 빛처럼
하늘이 웃는 날 다시 널 밝게 비출게
그 순간이 올 때까지 기다려줄래

Cause, someday we must be on fire
I wish 미친 듯 나아가
Life is beautiful
Make it better now
Don't fail 부딪혀 깨져도
This way 후회 따윈 없어
Life is beautiful
I have no doubt we're gonna shine
It's our day

버텨 왔던 모든 날들이
다시 나를 움직이게 해
숨은 벅차도 달려가야 해 (I'll never fall down)
한순간에 참았던 눈물이 앞을 막아도
파랗게 웃던 널 기억해 견딜 수 있어
그 순간이 올 때까지 지켜봐 줘

Cause, someday we must be on fire
I wish 미친 듯 나아가
Life is beautiful
Make it better now
Don't fail 부딪혀 깨져도
This way 후회 따윈 없어
Life is beautiful
I have no doubt we're gonna shine
It's our day

We're gonna shine
모든 게 무너져 쓰러져도
너에게 소리쳐 I’ll be by your side
어떤 순간에 있어도 난 너와 함께

Cause, someday we must be on fire
I wish 미친 듯 나아가
Life is beautiful
Make it better now
Don't fail 부딪혀 깨져도
This way 후회 따윈 없어
Life is beautiful
I have no doubt we're gonna shine
It's our day"
17,17,Don't You Wanna,yooji (유지),"I’ve been through enough waterfalls
Been stuck in reality
No drama will unfold the cause

So I call on my friends just to ignore the pain
Swallow all the pills to beat the enemies
I look into the mirror with a stranger's smile
Wishing you were here by my side

Don't you wanna be my remedy
I'll follow you like a fanatic babe
Don't you wanna be my melody
I'll sing it like I've never sung before

I’ve been through enough waterfalls
Been stuck in reality
No, I don’t want any alcohol

Don't you wanna be my remedy
I'll follow you like a fanatic babe
Don't you wanna be my melody
I'll sing it like I've never sung before

(I wanna know you
Will you let me in baby)

Don't you wanna be my remedy
I'll follow you like a fanatic babe
Don't you wanna be my melody
I'll sing it like I've never sung before"
18,18,핫하 (HOT HA),유니버스,"봄날의 꽃들이
눈처럼 내려와
하늘 가득히
니 맘을 가진 듯
달콤한 바람이
나에게 불어와

따사로운 햇살 아래서 나의
봄처럼 다가온 너를
라랄라 라라~
라라~라
라랄라 라라~
달콤해에~

달려가 더 조금 더 달려가
널 만나는 길 위에 꽃잎들이
하나 둘씩 하나둘씩 떨어지일 때
난달콤해~

반짝이는 별들처럼
하얗게 빛나는
꽃들이 다가와
너에게 갈수 있게


하늘의 별들이
꽃처럼 내려와
달빛을 타고
내 맘을 아는 듯
시원한 바람이
스치듯 불어와

다정하게 달빛 품으로 우리
봄처럼 물들어 가는 하루
라랄라 라라~
라라~라
라랄라 라라~
달콤해에~

달려가 더 조금 더 달려가
널 만나는 길 위에 별빛들이
하나 둘씩 하니둘씩 반짝일 때
난 달콤해~


영화 속의 풍경처럼
봄처럼 살아가
꽃들도 별들도
날리는 꽃잎처럼


라랄라 라라~
라라~라
라랄라 라라
라라 라라"
19,19,아이어른,재연,"이곳에 처음 발디딘 후로
키는 이만치 컸는데
굽어진 등허리엔 거대한 먼지들이 쌓여가
발걸음을 멈추게 해

바람에 한껏 휘청이다가
그마저 다 날아가버리면

아 무엇 하나 자라지 못했던
야위어진 팔다리에 몸을 맡겨
꼭 바랬던 저 먼 세상까지
나아갈 수 있을까

세상은 이렇게 커다란데
하물며 내 좁은 발걸음으로는
커다랗게 보인 언덕이 두려워
몸을 짓누르는 듯해

바람에 멍든 상처가
언제쯤이면 아프지 않을까

아 무엇 하나 자라지 못했던
야위어진 팔다리에 몸을 맡겨
꼭 바랬던 저 먼 세상까지
나아갈 수 있을까

잦은 생채기는 이제 괜찮아
아무렇지 않게 한 발자국만 더
앞으로 간거야

바람을 타고 언덕을 넘어서
야위어진 팔다리로 기어가더라도
온 힘을 다한다면 반드시
저 태양이 보일거야

두 번 다시 외면하지 않아"
20,20,외쳐,쓰는 정원,"hey 넌 말해
뭐든지 할 수 있다고 넌 결국 해낸다고
hey 또 말해
내가 거기서 봤어 넌 그대로 나가
가끔 고개를 숙인다 해도
문득 불안이 말을 건네도
쨌든 결국엔 해낸 나니까
외쳐 세상에 나를 소리쳐
외쳐 우에오
외쳐 우린 또 해내잖아 우에에에에
외쳐 한 번 더
조금 더 신나게 우릴 더 빛나게
외쳐 우워어어어어
hey 난 말해
뭐든지 할 수 있어 더 떠들어 말해
hey 또 말해
나를 막을 건 없어 on my way
떠오른 것들을 뱉어
떠보는 쟤네는 냅둬
난 또 해내 버렸네 또
날 찾아 따르는 내 돈
그래서 계속해 오늘도 행복해
everyday, evreything’s gon’ be okay
외쳐 세상에 나를 소리쳐
외쳐 우에오
외쳐 우린 또 해내잖아 우에에에에
외쳐 한 번 더
조금 더 신나게 우릴 더 빛나게
외쳐 우워어어어어
everything’s alright
everything’s alright
날 믿고 다시 한번 더
외쳐 세상에 나를
외쳐 우에오
외쳐 우린 또 해내잖아 우에에에에
외쳐 한 번 더
조금 더 신나게 우릴 더 빛나게
외쳐 우워어어어어"
21,21,척,ANYO,"이 좁은 곳에 많이도
발 디딜 틈 하나 없네
걘 누구 동생 얜 누구 형
서로 다 친구인가 봬

빛 좋은 껍데기들 속
또 나만 별 볼 일 없나
하나 둘 살펴보니
다들 가짜 웃음만 짓네

그런 거 난 몰라
할 말이야 많지만
나는 아무 말도
그 다음엔 또 뭘까
너 말곤 다 알지만
그만 그만

묻고 싶은 게 하나 있어
그래서 네가 누군데
내 말이 그리 어려운 건지
뭔 말이 많아 이렇게

네 친구라던 그 사람
안중에는 네가 없던데
불안한 눈동자를 봐
그건 좀 불쌍한 듯해

그런 거 난 몰라
할 말이야 많지만
나는 아무 말도
그 다음엔 또 뭘까
너 말곤 다 알지만
그만 그만

모든 게 다 연기고
너마저 널 속이면
언젠가 아무도 널
믿지 못하게 될 거야
한 번이라도 좋아
그저 네 모습 그대로
널 바라볼래

그딴 거 난 몰라
할 말이야 많지만
더는 아무 말도
그 다음은 또 뭘까
너 말곤 다 알지만
그만 그만"
22,22,Chemical Paradise,메써드,"looking at what you want
listening to what you want
Do you believe that what you see is the truth

You don’t speak about what you feel
The freedom of choice does not exist for you

the under my skin just blood and downfall
search for the fear and let yourself awake

feel! the to say
Before it will all fade to black
Things were just never the same
it was not forever remain
because the visible things
not forever

feeling at what you want
touching what you want
Do you believe that what you hear is the truth

The truth cannot be identified with insensitive tears
The freedom of choice only exists within boundaries anyways

feel! the to say
Before it will all fade to black
Things were just never the same
it was not forever remain
because the visible things
not forever

the under my skin just blood and downfall
search for the fear and let yourself awake

Is still under my skin and downfall
search for the fear and let yourself awake"
23,23,ex nihilo (with 허가람),gaw.i,"가늠할 수 없는 광활한 저 별들 속
영원에서 시간으로 이어진 그늘을 찾았네
오래된 밤이 빛에 적발된 순간 난 알았네

Ad infinitum
Parvum Momentum
내 안에 감춰진 비밀이 풀렸네

이젠 내가 죽고
그가 다스리리
모두 이루리라

나는 자유하네, 영원한 그 품에
Love
죽음을 깨우는 사랑

(Let there be light)
귓가를 탐험하는 거대한 침묵이여,
(Let there be light)
죽음을 잇는 삶을 읊어 주소서

(Let there be light)
귓가를 탐험하는 거대한 침묵이여,
(Let there be light)
죽음을 잇는 삶을 읊어 주소서

(Let there be light)
귓가를 탐험하는 거대한 침묵이여,
(Let there be light)
죽음을 잇는 삶을 읊어 주소서

(Let there be light)
영혼을 밝혀주는 거대한 광명이여,
(Let there be light)
죽음을 이긴 삶을 보게 하소서

다시 오시리라, 영원한 그 나라
Love"
24,24,나의 유일한,연후,"문득 올려다본 너의 모습
편하게 쉬고 있어
기억 속 어딘가에 우리들은
변한게 하나 없어

꼭 데리러 와줘
기다리고 있어줘
그리운 소식과 함께 갈게

넌 나의 유일한 아쉬움이야
가장 그리운 잔잔함이야
매일 영원한 첫 생각이야

언젠가 어디선가
모두 하나의 언어로 말할 때
그땐 말해줄게

보고싶을 땐 늘 이렇게
눈을 감았다 뜨고

시야가 흐릿해질 때쯤엔
너에게 말해

그렇게 와 줘
기다리고 있어줘
못다한 얘기들
지나간 시간들 마음들 모두 데려갈게

넌 나의 유일한 아쉬움이야
가장 그리운 잔잔함이야
매일 영원한 첫 생각이야

언젠가 어디선가
모두 하나의 언어로 말할 때
그땐 말해줄게

어떤 기억은 향기를 남겨
꺼내봐야 하는 사진보다
어느새 내게 찾아오는

아마 넌 그런 기억이야
언제든 떠올릴게
지금 옆에 있는 것처럼

넌 나의 유일한 아쉬움이야
가장 그리운 잔잔함이야
매일 영원한 첫 생각이야

언젠가 어디선가
모두 하나의 언어로 말할 때
그땐 말해줄게"
25,25,우리 다시 (feat. 0do),눈뜨면 오후,"우리 다시 만나면
그때 사랑할까
우리 다시 만나면
그때 다시 사랑하자
난 아직도 너란 게
익숙하지 않아서
스쳐가던 그 작은 인사도
영원할 거 같아
사진 속에 웃고 있는 우리 모습이
지금과는 다른 곳에 있는 것 같아
우리 다시 만나게 된다면
그때도 다시 사랑할 수 있을까
우리 다시 만나게 된다면
그때도 사랑이라 부를 수 있을까
추억 속에 웃고 있는 우리 모습이
지금과는 다른 곳에 있는 것 같아
우리 다시 만나게 된다면
그때도 다시 사랑할 수 있을까
우리 다시 만나게 된다면
그때도 사랑이라 부를 수 있을까
우리가 함께 춤을 추며
하늘에 구름을 그리던 날
이 돌아오면
아직도 전부 알 수 없는 마음이지만
같이 품어 가자
우리 다시 만나게 된다면
그때도 다시 사랑할 수 있을까
우리 다시 만나게 된다면
그때는 서로를 사랑이라 부르자"
26,26,썬더 (Thunder),잭나이프 (Jack Knife),"HA!!

어둡고 머나먼 밤하늘
한줄기 밝은 빛을 그려
그 빛을 따라 음악소리 들려오면
그 땐 이미 늦어버렸어

휘몰아치는 적막속

thunder!!
thunder!!
thunder!!
thunder!!

어둡고 머나먼 밤하늘
그 어둠속에 스며들어
시선의 끝은 밝은 빛을 따라가봐
그땐 이미 늦어버렸어

반짝거리는 어둠속

thunder!!
thunder!!
thunder!!
thunder!!

thunder!!
thunder!!
thunder!!
thunder!!"
27,27,인형놀이,스스로 빛나는 달,"아주아주 높은 곳에 사는 공주와
가장 밑바닥에 사는 소년은
어딘지 모르게 닮았지
외로운데 외로움 모른다는 면에서

아무리 뛰어봐도 천장에
박기만 한다는 걸 깨달은 바퀴벌레처럼
이젠 천장이 열리더라도 나갈 수 없겠지
시도조차도 못 해본 채로

밖에 아이들 소리가 들리면
창가에서 웃음소리를 흉내 내며
배운 적 없는 적막을 깨트리려
나도 몰래 인형놀일했지 oh

아주아주 높은 곳에 사는 공주와
가장 밑바닥에 사는 소년은
어딘지 모르게 닮았지
외로운데 외로움 모른다는 면에서

아무리 기다려도 당신에
맘엔 나의 공간이 없다는 걸 알게 됐던 건
꽤 오래전이지만 아직도 발걸음 소리에
놀라 여길 올 단 한 사람

식은 음식이 익숙한 열한 살
불리지 않는 내 이름이 불쌍해서
허공에 작게 소리내 불러 보지
누구라도 듣길 바라면서 oh

아주아주 높은 곳에 사는 공주와
가장 밑바닥에 사는 소년은
어딘지 모르게 닮았지
외로운데 외로움 모른다는 면에서

누구도 있는지 모른단 점에서
이따금 손가락 까딱하는 것에서
살아있는 걸 확인한단 면에서

내 존재의 의미를
내 존재의 이유를
근데 사실 그딴 건 없을까 봐 없을까 봐

내 존재의 의미를
내 존재의 이유를
근데 애초에 그따위 건 없을까 봐 없을까 봐"
28,28,불꽃의 강,유원지,"그댄 지금 무엇을 위해 사는가
나의 꿈을 위해


그대는 더 무엇을 원하는가
더 커다란 것


그댄 지금 무엇이 두려운가
알 수 없는 미래


그대는 어디로 가고 있는가
날 이끄는 곳


터질듯이 숨쉬는 욕망이여

주저하지 말고 타오르기를

사라지는거야


두려움은 희망으로

사라지는거야

불꽃같은 믿음으로

사라지는거야


그대 나와 함께 떠나 가겠는가


그대와 영원까지 함께하리

오 함께하리


찬란하게 빛나는 강물위에
알 수도 없는 모든 두려움은
사라지는거야


너의 피는 나를 위해
사라지는거야

너의 꿈도 나를 위해
사라지는거야



모두의 희망과 고통으로

넘쳐버린 더러운 강물위에

영원히 고요히

영혼조차 사라지길원해


두려움은 희망으로
사라지는거야

불꽃같은 믿음으로
사라지는거야

너의 피는 나를 위해
사라지는거야

너의 꿈도 나를 위해
사라지는거야"
29,29,Midnight Ride,Kiera(키에라),"Speed down the runway
Kinda worried if I could make it on time
Plane's bound to your way
Find a sideway to get me right on the spot

Time flies so slowly
I've ran out of patience
In case you're lonely
Let me see what I can do with it
Just give me a shot

So let me see you at the midnight midnight
You already get me through this whole night all night
So baby see you at the midnight midnight
It doesn't have to be the whole night all night
woo woo woo woo woo
Keep it tight Hold me right
Give me a minute to ride baby
woo woo woo woo woo
See you at the midnight midnight

You've missed, mislocated
No worries, we have enough time to share
Clock's ticking now we're in the same zone
10 minutes, the countdown begins


See you at the midnight midnight
You already get me through this whole night all night
So baby see you at the midnight midnight
It doesn't have to be the whole night all night
woo woo woo woo woo
Keep it tight Hold me right
Give me a minute to ride baby
woo woo woo woo woo
See you at the midnight midnight

Midnight Midnight
Ride til the dawn
Midnight Midnight
You get me right
Midnight Midnight
Meet you under moonlight moonlight

Monday to Sunday
I'll spare you all my time (all my time)
Hope you can be there
So see you at the midnight midnight (ride)
woo woo woo woo woo
Keep it tight Hold me right
Give me a minute to ride baby
woo woo woo woo woo
See you at the midnight midnight"
30,30,COME ALIVE!,PATZ,"Easy now!
Anywhere, fly as high as you want
I want to take you
Wait a minute
I’m gonna get all this ready
I like that
Before night comes and day falls
natural mind, humanism, a merry tippler
I also want to blend in here, alongside you
I feel it now
We are buoyed up
Let's roam around with a joyful heart
Keep it light
Keep the dream alive in our youth
keep it light
Get down to the beat and let loose on the dance floor!
keep it light
Keep the dream alive in our youth
keep it light
Get down to the beat and let loose on the dance floor!
Look around!
I hope you like this place here around
Stop looking at phone
Eyes on road
You can see a lot of things
I like that delightful atmosphere
Emotions, pretenses, they are the things I know
In my mind, I'm trying not to be like that no more.
I feel it now
We are buoyed up
Let's roam around with a joyful heart
Keep it light
Keep the dream alive in our youth
keep it light
Get down to the beat and let loose on the dance floor!
keep it light
Keep the dream alive in our youth
keep it light
Get down to the beat and let loose on the dance floor!"
31,31,참 많이 사랑했었다,연규성,"차가운 바람이 지나간 거리
지나는 사람들 가벼운 옷차림
이때쯤이면 문득 생각나
아련하게 보고싶은 너의 그 얼굴

혹시 마주칠까 하는 마음에
함께 했던 그곳 그길에 멈춰 서
나도모르게 자꾸 그리워
바람 불면 불어올까 너의 그 향기

하늘을 올려보고 가만히 눈을 감아
시간을 그때로 되돌려봐

그리워 지는건
매일 밤 뜨는 별처럼 이젠 일상이 되고
그렇게 눈물나게 아파도
좋았던 일들만 생각나

혹시 마주칠까 하는 마음에
함께 했던 그곳 그길에 멈춰 서
나도모르게 자꾸 그리워
바람 불면 불어올까 너의 그 향기

함께 걷던 이길과 아름답던 날들은
아직도 내 마음엔 그대로인데

그리워 지는건
매일 밤 뜨는 별처럼 이젠 일상이 되고
그렇게 눈물나게 아파도
좋았던 일들만 생각나

우리가 사랑한 작은 일상 모든걸
잊을 순 없을 것 같아
영원한 기억으로 남은 너
그때 널 참 많이 사랑했었다"
32,32,나 어때,조문근,"어떡해
널 좋아하나봐
너만보면 자꾸만 숨이 가빠와
이상해
넌 똑같은데 나만 어색해
눈만 마주쳐도 두근대
살짝 간지런 기분 좋은 낯선 설렘에
자꾸만 웃게 돼 널 자꾸 보게 돼
어제와 같은 오늘인데 문득 신기해
하루가 이리 짧았나
조심스레 네게 다가가 말해볼까
이런 날 어떻게 생각해
want you're love
넌 나 어때
show you're love
기다릴게
what you feel
어쩐지 몹시 궁금해
네 맘에 들어가고파
살짝 간지런 기분 좋은 낯선 설렘에
자꾸만 웃게 돼 널 자꾸 보게 돼
어제와 같은 오늘인데 문득 신기해
하루가 이리 짧았나
조심스레 네게 다가가 말해볼까
이런 날 어떻게 생각해
want you're love
넌 나 어때
show you're love
기다릴게
what you feel
어쩐지 몹시 궁금해
네 맘에 들어가고파
want you're love
넌 나 어때
show you're love
기다릴게
what you feel
어쩐지 몹시 궁금해
네 맘에 들어가고파
want you're love 넌 나 어때
show you're love
기다릴게
what you feel
어쩐지 몹시 궁금해
네 맘에 들어가고파
네 맘에 들어가고파
네 맘에 들어가고파"
33,33,Dream In The Other Way,New Link,"Someone makes you don't mind something that you wish you could find
Someone doesn't get it right, everything inside of your mind
I know that you want to get away from what they've made
And you know that your dream won’t fade away

Believe in yourself
Don't try to be what they want to be
Don’t give up on your dream for what they say

Light is passing by my dream like a star
And you said, ""That feeling will never be in my heart""
But I can feel something shining inside of your mind like me
Yeah, we just dream in the other way

You cry 'cause you don't know what you like
You might feel some pain in your eyes
Then I see your teardrops caring for your heart of gold
So try to be cool, tomorrow never knows

Release all your fear
You’re gonna be part of the dream revolution
And lit by everything in your own way

Light is passing by my dream like a star
And you said, ""That feeling will never be in my heart""
But I can feel something shining inside of your mind like me
Yeah, we just dream in the other way

Light is passing by my dream like a star
And you said, ""That feeling will never be in my heart""
But I can feel something shining inside of your mind like me
Yeah, we just dream in the other way
Dream in the other way"
34,34,점점(. .),재익 (Jake),"점점 멀어져 떠나 나를 가지 마
점점 멀어져 가 우리의 마지막이
점점 멀어져 가기만 더 하지만
됐어 됐어
점점 멀어져 멀리 떠나가지만
점점 멀어져 떠나 나를 가지 마
점점 멀어져 뻔한 너의 마지막
됐어 됐어

점점 멀어져 가 여기서
덤덤해지기만을 바래줘
이 노래 안에서 너를 보냈어
서로 멀어지는 게 행복하대서
벌써 몇 날이 다 지나고
천천히 너를 지워보려고
깜깜해지는 밤이 오면
우릴 위해서 다시 죽겠어

점점 멀어져 떠나 나를 가지 마
점점 멀어져 가 우리의 마지막이
점점 멀어져 가기만 더 하지만
됐어 됐어
점점 멀어져 멀리 떠나가지만
점점 멀어져 떠나 나를 가지 마
점점 멀어져 뻔한 너의 마지막
됐어 됐어


널 잃은 난 다시 우리가 아니지
지나간 시간아 울지마 honey
우리가 우리였으면 해 다시
어쩌면 정말로 원했어 god이
처음 부터 끝까지 같다면 마치
하나로 이어진 작은 실 같이
우리가 우리였으면 해 다시
어쩌면 정말로 원했어 god이

점점 멀어져 떠나 나를 가지 마
점점 멀어져 가 우리의 마지막이
점점 멀어져 가기만 더 하지만
됐어 됐어
점점 멀어져 멀리 떠나가지만
점점 멀어져 떠나 나를 가지 마
점점 멀어져 뻔한 너의 마지막
됐어 됐어


우리 마지막이라 하지 마
i won't let you go
나의 외침도 너와 내 처음도
지금과 같아
i won't let you go
i won't let you go"
35,35,연애멸망 보고서,마스,"처음엔 우리도 다른 연인들과 비슷했어
서로 아껴주고 배려하고 한편의 영화처럼
하지만 오래 가진 못했어
무관심만 남게 됐고
더 이상 설렘이 없어 (이런 젠장할!)

난 더 이상 안될 것 같아
난 더 이상 희망이 없어
처음 그 마음은 다 사라졌나 봐

난 더 이상 힘들 것 같아
난 이제 어떡하나
망해버렸어 빌어먹을 내 연애 멸망 보고서

연극은 언젠가 끝나는 것처럼 (우리 사랑도)
조명이 꺼지고 마음도 텅 비어 버렸어

난 더 이상 안될 것 같아
난 더 이상 희망이 없어
처음엔 우리도 행복했었지만

난 더 이상 힘들 것 같아
난 이제 어떡하나
망해버렸어 빌어먹을 내 연애 멸망 보고서

우릴 되돌리기엔 너무 늦어버렸어
이번 생에 내 연애는 다 망한 것 같아

난 더 이상 안될 것 같아
난 더 이상 희망이 없어
처음 그 마음은 다 사라졌나 봐

난 더 이상 힘들 것 같아
나 다시 돌아갈래
망해버렸어 빌어먹을 내 연애 멸망 보고서"
36,36,춘향연가_광한루,zipfe,"광한루,
여기서 만났어요.
지금도 나는 여기 있어요.
나는 사랑하고 있는걸요.
이제는 우거진 숲에 들어도
무섭지 않아요.
햇살이 안 드는 어둔 곳이
오히려 정다워요.
풀잎에 손이 스치면
슬며시 허리께가 부끄럽기도 해요.

나는 사랑하고 있는걸요.
나는 여기 앉아 있어요,
그이는 저만치 서서 있어요.
지금도 나는 놀라워요.
그이는 나를 언제나 놀랍게 해요.
흰 돌 위 쓸리는 물에,
목욕하고 앉은 제비.
사람을 보고, 그 놀란 제비.
그것이 그이 앞의 나에요.

내 입술은 반쯤 열려 있어요.
물에 젖어서
반쯤 흔들리는 연꽃이에요.
나는 사랑하고 있는걸요.

보세요,
나는 이렇게 앉아 있는데,
저만치 서서 있는 그이.
육분당혜 신은 발은
극상세목 겹보선.
남갑사 대님에 영초단 허리띠.
가슴엔 도포 받친 흑사띠.
보세요,
세백저 상침바지.
모초단 도리낭 당팔사 중치막.
육사단 겹배자의 밀화단추.
곱게 빗어 밀기름에 잠재운 머리,
맵시 있는 궁초댕기.

내 입술은 반쯤 열려 있어요.
물에 젖어서
반쯤 흔들리는 연꽃이에요.
나는 사랑하고 있는걸요.

보세요,
선풍 어린 그 얼굴.
보세요,
무어라고요, 안 보인다고요.
저만치 서서 있는데 아무도 없다고요.
나는 앉아 있는데,
그래요,
나는 이곳에 앉아 있어요.
무어라고요, 무어라고요.
아무도 아무 것도, 보이지 않는다고요.
나는 앉아 있는데,

내 입술은 반쯤 열려 있어요.
물에 젖어서
반쯤 흔들리는 연꽃이에요.
나는 사랑하고 있는걸요.

그래요,
나는 이곳에 앉아 있는데.
나는 칼을 쓰고 앉아 있다고요.
칼을 쓰고, 칼을 쓰고, 칼을 쓰고.
저만치 있는 것은
목 매달아 죽은 귀신.

이곳은 광한루가 아니라고요.
지금은 궂은 비 퍼붓는
깊은 밤의 삼경이라고요.
저것은 난장 맞아 죽은 귀신,
저것은 형장 맞아 죽은 귀신이라고요."
37,37,무지개,고고학 (Gogohawk),"어두운 옷을 걸치고
똑같은 거울속 모습
지루하기 짝이없어

우연히 바라본 하늘
선명한 색들이 모여
발걸음 멈추게해
오늘같은 날이면

너를 생각해
너를 생각해
너를 생각해
하루 종일
너를 생각해

온종일 비를 맞으면
다시 널 볼 수 있을까
하늘을 바라 보며

때로는 두팔을 벌려
어두운 옷을 벗고서
온종일 비를 기다려
그때 같은 날이면

너를 생각해
너를 생각해
너를 생각해
하염 없이
너를 생각해

너를 생각해
너를 생각해
너를 생각해
아무렇지 않게 난 너를 생각해
너를 생각해
하루종일
너를 생각해"
38,38,별이 빛나는 이유,Synthprint (신스프린트),"바람에 지나간 뜨거운 날이
옅게 흩날린 눈동자를 가슴에 남기고
떠나가듯이 지나쳐간 긴 추억들을
다시 기억이라고 이름 바꾼다 해도

계절이 바뀌는 사이
그 틈의 오후 조금 모호한 날에
먼 훗날의 너를 떠올려
그것은 마치 지나간 노래 같아

고갤 들어 시선을 멀리 돌리고
안도한 듯 웃음 지으면 또다시
너는 내 과거를 타고 미래로 날아가네
거점을 걸쳐서 더 연결돼가는 불빛

바람에 실려가는 너와의 날들이
옅게 흩날려갈 작은 빛들만 남기고
아 지워지네
떠나가듯 바래질 추억들이
남아있으니 나 아직 눈뜰 수 있어
그래도 계속 간직하고 싶은 것은
선명한 네 기억

우중충한 겨울 정오가
드리워주는 편안함을 보고 있어
나는 계속 이렇게 지내
무언갈 흘려보내는 사람처럼

헤어지고 누구와 이별을 해서
그냥 이렇게 있는 건 아닌데
그래 누가 보면 오해할 수는 있겠네
그래도 난
가끔 네가 생각나
가끔씩 고개를 숙여
가끔씩은 아무 말도 안 해
눈을 감고

이 기억이 날 계속 데려간다면
함께 바란 미래 하지만 다른 길로
이끌어주었음 해
날 버리고 너는 또
다른 꿈을 꿀 수 있도록

난 널 잊을 수 없어
영월이 반복돼도 잊을 수 없어
시작의 9월, 연결의 도월, 기점의 끝 3월
기억을 잇는 차원처럼

바람에 머물렀던 선명한 그날들이
너와 지내온 과거의 빛
기억 속 그 별들이
날 지나가고 내가 너를 잊지 못했던 건
네 시간이 날 비추고 있어서였을까
별이 계속 빛나고 있는 이유는
그래서인 걸까"
39,39,bae,곽태풍,"When you smile, I feel love
When you're sad I sad all day
when you're feel down, then I'll pray to make you feel high for you

I sometimes remember what you told me with your smile
If we get married, we're gonna lie down all day .. like a sloth?
but I like that.. because it you

I'll stay be by your side
so baby don't cry
I'm always in your heart, and you also in my heart ..

I'll stay be by your side
so baby don't cry
Baby , I'm always in your heart

You blamed me one day for having an affair your friend in a dream
I Said ""Daling, it's just a nightmare..So..That means, it's not me""
No, baby I'm sorry. Don't you worry about it, because

I'll stay be by your side
so baby don't cry
I'm always in your heart, and you also in my heart ..

I'll stay be by your side
so baby don't cry
Baby , I'm always in your heart"
40,40,길었던 이별이 지나갔소,중식이,"향수처럼 마음은 날아가불고
이제 난 암시렁토 않어
식어버린 감정은 온기가 없소
추억은 이토록 차갑소

기억은 그대로인데 감각이 없소
이 속이 텅 비어버렸어
그걸 공허함이라고 합디다
나는 허무함이라고 하겠소
추억은 이토록 차갑소

사랑했던 마음만 좋아했던 마음만
그것만 기억해 주세요
행복했던 추억만 아름답던 모습만
그것만 그것만

향수처럼 마음은 날아가불고
이제 난 암시렁토 않어
식어버린 감정은 온기가 없소
추억은 이토록 차갑소

기억은 그대로인데 감각이 없소
이 속이 텅 비어버렸어
그걸 공허함이라고 합디다
나는 허무함이라고 하겠소
추억은 이토록 차갑소

사랑했던 마음만 좋아했던 마음만
그것만 기억해 주세요
행복했던 추억만 아름답던 모습만
그것만 그것만

내게도 낭만이란 게 있기는 있었소
마음이 따뜻했던 그때 참 좋았소
천천히 식어가던 길었던 이별이 지나갔소
추억은 이토록 차갑소

사랑했던 마음만 좋아했던 마음만
그것만 기억해 주세요
행복했던 추억만 아름답던 모습만
그것만 그것만

향수처럼 마음은 날아가불고
이제 난 암시렁토 않어
식어버린 감정은 온기가 없소
추억은 이토록 차갑소"
41,41,Deepest,SSunder (썬더),"People say, there's no reason I’m depress
I'm drowning here, and they're describing gravity
I locked and hide in darkness and made myself to key
But somehow, you comprehended

The shape of my love maybe injured you
That kept me comfortable with distance
I said, ""Leave me if you can't stand it, don’t take the risk.”
But somehow, you tolerated

Everytime I try to make you smile
you give me more and more

You're the sunshine in the deepest ocean
You're the submarine who can save me
You took me out from shadow and shine me
You fill me with coral and light me
Nobody, and nothing compares you
Now I know, it’s your deepest love

Honestly, death is better than the emptiness
I have no idea what's going on with me
Feel so stupid I blamed everything
But somehow, you were the exception

Everytime I try to make you smile
you give me more and more
Everytime I try to make you mine
you love me more and more

You're the sunshine in the deepest ocean
You're the submarine who can save me
You took me out from shadow and shine me
You fill me with coral and light me
Nobody, and nothing compares you
Now I know, it’s your deepest love

I hated being hurt more than loving you
But now it’s a sure thing the way that we go
You see what I see through make my life come true

You're the sunshine in the deepest ocean
You're the submarine who can save me
You took me out from shadow and shine me
You fill me with coral and light me
Nobody, and nothing compares you
Now I know, it’s your deepest love
It’s your deepest love
It’s your deepest love"
42,42,E.P (Easy Person),물든감정,"매번 그렇듯 나를 사랑한다고
쉴틈없이 말해준 널 기억하고 있니

바보같이 철석같이 믿었던 나인데
결국 넌 딴 놈과 노닥거렸어

너는 내가 가진 모든걸 줄 만큼
특별한 사람이라 생각이 들기에

어렵게 사랑한다고
말한 거였는데 넌

익숙했나봐

나는 아직까지 너를 정말 못 잊어
사랑이란 쉬운 말을 하고 떠난 넌

누구에게든 다정하게 지내겠지만
사랑을 모르겠지

Baby you don't know what I say
Cause never hear me please

Mama tell me
What should I do

Even if you hate me
So I don't care

But I need kleenex
How can I hate you

Even If you
What I to you let me Know

Please protect to my mind
in fine to like and space

Actually you will never solve it

너는 내가 향한 모든걸 줄 만큼
아련한 사람이라 생각이 들기에

어렵게 사랑한다고
말한 거였는데 넌

나는 아직까지 너를 정말 못 잊어
사랑이란 쉬운 말을 하고 떠난 넌

누구에게든 다정하게 지내겠지만
사랑을 모르겠지

Baby you don't know what I say
Cause never hear me please

Mama tell me
What should I do

네가 원한걸 모두 주고픈
나의 마음이 당연시 됬어

이젠 바라고 또 바라기만 하는건
그만 해줬으면해

이제는 넘어가지 않게

나는 아직까지 너를 정말 못 잊어
사랑이란 쉬운 말을 하고 떠난 넌

누구에게든 다정하게 지내겠지만
사랑을 모르겠지

그래 아직까지 너는 늦지 않았어
미안하단 쉬운 말을 하고 돌아와

나에게만 특별하게 대해준다면
사랑을 알게될걸

Baby you don't know what I say
Cause never hear me please

Mama tell me
What should I do"
43,43,별의파도,오로시,"낡아부서진 파편이 되어도
Our memories shine in my mind,
무작정 내달린 거리 위에서 난


삼킨 줄만 안 추억에
네 모든게 아직도 내 세상에 맴돌아
그 날 벚꽃 향기 닮았던
너의 삶이 아직 여기에 남아


어디에 가든 무엇을 보든
그리움만 가득 채워져
Your stunning youth, 달콤했던 약속에
아직 난, 그 봄에 숨 쉬어.

Under the starlit sky
너의 이름을 나즈막히 부르다
꿈인 걸 깨달아 부서져가는 너
Tears start to fall.

Walking down the street where we once walked,혼자서 널 기다리는데,
사실 알면서도 하염없이
두려워, 우리가 서로를 잊을 까."
44,44,Advance,죠 (Jyo),"Drown in 점점 더 가라앉고 있어
아득히 저 밑으로
Afraid 헤어나가기에는
너무 멀리 왔을까

괜한 기대와 설레임은
마음을 흔들어놨었지
뒤늦은 시작에
망설임을 가득히 담았었지만

I’m not down 달지만 않은 인생
실패의 느낌은 꽤 쓰단 걸 알게 됐어
No matter 뒤는 돌아보지 않아
넘치는 망설임들은 틀어막고

흘러가버린 시간들을
차가운 손에 움켜쥔 채
다시 져버렸던
꿈들을 주워 담아 다시 서 있어

I’m not down 달지만 않은 인생
실패의 느낌은 꽤 쓰단 걸 알게 됐어
No matter 뒤는 돌아보지 않아
넘치는 망설임들은 전부 틀어막고

나 홀로 채운 빈 종이 속 밤하늘의
별빛들을 모두 보게 될 거야
지나온 날들이 남긴 눈물을 모아
하늘에 흩뿌려버릴래

I’m not down 달지만 않은 인생
실패의 느낌은 꽤 쓰단 걸 알게 됐어
I’m better 뒤덮인 어둠 그 속에
새하얀 별빛이 나를 비춰줄 거야"
45,45,32,GRAPHY,"What have you dreamed about, my love?
Trapped at the wrong wrong time in there
Nobody knows,
But underneath this big bad world, you're shining alone

A little boy and a little hope
It's been a long long time ago
I'm down on my knees, I should be singing on my own

I don't know why I am standing here
I wasted my time and everything I had known
I don't know why that I still believe
It's out of my hand

I lost my brightness to the sun
I used to be more green and shine
When I was younger than you
Mother, younger than you

From head to toe, I know I'm wrong
I think I failed my gift and soul
Wish I was younger than you
Mother, younger than you

After all this time, I still can't get my hands off my hair
I'm sick of selling lies and tears, It's complicating my head

I don't know why I am standing here
I wasted my time and everything I had known
I don't know why that I still believe
It's out of my hand

I lost my brightness to the sun
I used to be more green and shine
When I was younger than you
Mother, younger than you

From head to toe, I know I'm wrong
I think I failed my gift and soul
Wish I was younger than you
Mother, younger than you

I lost my brightness to the sun
I used to be more green and shine
When I was younger than you
Mother, younger than you

From head to toe, I know I'm wrong
I think I failed my gift and soul
Wish I was younger than you
Mother, younger than you"
46,46,Stroke,Narotic,"You can’t walk away from all
She makes misirable things
He has a lot of useless information
No! What a mess
We are gonna lose ourselves

You and i
Fall down
We can survive
Never happen!

You are not here
You are not there

You are the worst thing of my life
He isn’t a good person for someone
She killed a baby of her friend
We have done the greatest in the world

You and i
Fall down
We can survive
Never happen!

You are not here
You are not there"
47,47,소나기,비가시,"여전히 흩어지지 않은
길가의 빗물들은 가지런히 고여서
너만을 담아내지 않는 거울을 만들었어

아직도 마음속에 남은
한마디 기억들에 모습 따윈 없지만
더없이 옅은 해안 위를 감싸는 빛이 되어

이렇게 그저 그저 사랑만이 피길 바랐던 순간만이 이렇게
다시 다시 쏟아져 내리는 노래가 되어서
다시금 그저 그저 나를 가린 작은 소리가 당신만을 이렇게
다시 다시 적어내어 가네
가득 찬 말을 머금고서

이제는 나누어져 버린
조각난 기억들에 형태마저 없지만
그때를 걷는 누군가가 짓밟기를 기다려

돌연히 몰아쳐 내리는
소나기 속에선 추억도 젖어버려서
조금씩 개어가던 봄에 결말을 고하니까

이렇게 그저 그저 너를 비워내길 바랐던 인생만이 이렇게
두 번 다시 채워지지 않는 그릇이 되었어
다시금 그저 그저 나를 가린 작은 행복의 가치만을 이렇게
다시 다시 쏟아내어 가네
올바른 손해를 담고서

이렇게 그저 그저 살아오던 나의 버릇과 방식들을 버리고
다시 다시 잊어가기 위해 애써 웃었는데
다시금 그저 그저 삼키고서 잊길 바랐던 익살맞은 노래도
다시 다시 들려오고 있어
너무나 선명히 들려와

이렇게 또다시 널
이렇게 또다시 널"
48,48,흑색 왜성 그리고 아버지,신창훈샘,"흑색 왜성 그리고 아버지
(Black Dwarf)

Verse 1

우주의 먼 곳, 불타는 화염 모든 행성들 날 바라보네
In the distant reaches of the universe, a burning inferno All the planets gaze upon me

나의 성난 눈빛에 문명은 불타올랐고 나의 관대함 속에 생명은 번영했었네
In the fierce gaze of my eyes, civilizations burned Within my generosity, life flourished

먼 훗날에
In a distant future

오랜 이야길 품으며 사라져 가지만 시간과 공간의 비밀 지켜가네
Embracing a long story, though it may fade away Recalling the secrets of time and space

나를 잃어가면서 빛을 떠올리면서 마지막 남은 여정을 난 준비하네
Losing my energy, reminiscing about the fading light I prepare for the last remaining journey


Verse 2


뜨거운 열정 청춘의 그날 나의 생명들에게 모든 사랑을 바쳤네
The passionate days of youth with fervent zeal I dedicated all my love to my children

나를 바라봐 주던 그들과 온기 나눴고 내 영혼 모든 경험은 그들에게 전해졌네
With those who gazed upon me, I shared warmth My soul and experiences passed on to them

먼 훗날 넌
In a distant future You

우리 이야길 품으며 새별이 되겠지 시간과 추억의 약속 넌 지켜가네
Embrace our story, becomes a new star You keep the promises of time and the memories of us
빛을 잃어가면서 자신을 찾아가면서 마지막 남은 여정을 난 준비하네
Losing the light, searching for myself I prepare for the last remaining journey


Bridge
무한했던 빛은 없어지고, 힘 빠진 나의 뒷모습 속에
The endless light fades away, in the silhouette of my weakened self

불꽃과 소멸의 무한한 여정의 끝 우린
We stand in the infinite journey of flames and annihilation.


Guitar Adlib


넌 지켜가네
You keep the promises

빛을 잃어가면서 자신을 찾아가면서 마지막 남은 여정을 난 준비하네
Losing the light, searching for myself I prepare for the last remaining journey

먼 훗날에
In a distant future"
49,49,Synchronicity(동시성),Take the Floor,"완벽한 타이밍으로 다가오는
우연의 일치라는 힌트를 따라 행동해왔을 뿐인데
내가 살았다기보단 기적처럼 삶이 나를 통해 펼쳐졌지
세상이 날 통해 현실을 만들어냈지

고민하지마 머리론 알 수 없어
아무리 이것저것 따져보아도
내려놓고 흘러가면 현재를 경험하다보면
생각하지 못했던 행운이 찾아오지
어느새 너의 답답했던 길이 열려

기적처럼 삶이 나를 통해 펼쳐졌지
세상이 날 통해 현실을 만들어냈지
생각하지 못했던 행운이 찾아오지
어느새 너의 답답했던 길이 열려"
50,50,착시,오프다이어리,"안녕하신가요 나는 잘지내요
밥도 잘 먹고요 가끔 눈물도 흘려요

이별한거 뿐인데
모두 날 위로해요
사랑이 끝난 거 뿐인데
눈 앞이 흐려져요

내눈에 착시가 보여요 착시가
그녀가 웃고 있는게 자꾸 아른거려
내가 착각을 했나요 착각을
우린 사랑했었다고

눈물이 보지 않게
썬그라스 쓸게요
불쌍해 보여도
모르는척 해줘요

이별한거 뿐인데
모두 날 위로해요
사랑이 끝난 거 뿐인데
눈 앞이 흐려져요

내눈에 착시가 보여요 착시가
그녀가 웃고 있는게 자꾸 아른거려
내가 착각을 했나요 착각을
우린 사랑했었다고

눈물이 보지 않게
썬그라스 쓸게요
불쌍해 보여도
모르는척 해줘요"
51,51,Too Dark To Glow (feat. Dbo),Ineffa Lucas,"Let me tell you all about it
너 없이 홀로 걷던 길에
내가 뭘 보았는지
희망 따윈 버려
Can you feel it?

Let me tell you all about it
너 없이 홀로 걷던 길에
내가 원하는게 뭔지
Fuck it up
Baby can you feel it?
Think about the times
You said you won’t let go
Left me behind
Another night too dark to glow

Good morning it’s a new day
I wake up with a new name
And a face no one can recognise
Funny a familiar scent of you and I
For the nights when we were young
We raise our glasses to the sky
And when the darkness greets the night
We’ll say our prayers for the light
한두 번 또 속아넘어 간 너의 말투와
따듯한 표정도 사라진 밤
다신 또 느끼지 못할 그 마지막 goodbyes
Whenever you hold me close
For the nights when we were young
It’s now too dark to glow

Let me tell you all about it
너 없이 홀로 걷던 길에
내가 원하는게 뭔지
Fuck it up
Baby can you feel it?
Think about the times
You said you won’t let go
Left me behind
Another night too dark to glow

Too dark to glow
Too bright there's no
Shade I can't go
Shame but I can not hide my soul
So I put my shade on
Fight with the demons
Destroying dimensions
Illusion illusion
Gotta go back to my reality
깨져 버린 약속들은
사람들과 너무 많은
언젠가는 사랑만을
가짜들은 거짓말을
난 가능하다 그냥 믿음
한발 두발 걸음마
노을지는 어느날
니가 원했던 것들과는 다르잖아
니가 원했던 그려 왔던 그림과는 다르지만 uh
괜찮아 원래 세상은 내 뜻대로 돌아가지 않아
Yeah

Let me tell you all about it
너 없이 홀로 걷던 길에
내가 원하는게 뭔지
Fuck it up
Baby can you feel it?
Think about the times
You said you won’t let go
Left me behind
Another night too dark to glow
Baby I’ve been drowning without you
(Without you girl)
My painting ripped in pieces
It fell through
Counting stars I’m stranded
Nowhere to go
It’s another night no vision
Too dark to glow"
52,52,가스등,고요울,"어디 둔 건지 도통 나를 찾고 있어
난 언제까지 나였는지 내가 아니었는지
이젠 익숙한 두통 순한 약은 잘 안 들어서
남 얘긴 잘 안 들려서

희미해져 가는 gaslight gaslight gaslight gaslight
날 탓하고 때리던 last night last night last night
끝내 날 돌보지도 못해 용서치도 못해
돌아갈 순 없거든 단 1분 전으로도

생각했어 내가 널 이용한 걸까 애써
나쁜 놈 행셀 하면 덜 화가 날까 되레 날 몰아세웠어
사실 언제나 그래 왔어
이 불빛을 흐리는 건 나인지 너인지
흐려지는 건 나인지 너인지
내 눈을 흐리는 건 나인지 너인지
흐려지는 건 나인지 너인지

희미해져 가는 gaslight gaslight gaslight gaslight
날 탓하고 때리던 last night last night last night
끝내 날 돌보지도 못해 용서치도 못해
돌아갈 순 없거든 단 1분 전으로도

너는 지금 어떤 맘속에 살고 있는지
궁금해할 기회조차 앗아 간 마지막 너의 말

희미해져 가는 gaslight gaslight gaslight gaslight
날 탓하고 때리던 last night last night last night
끝내 날 돌보지도 못해 용서치도 못해
돌아갈 순 없거든 단 1분 전으로도

나는 지금 어떤 맘속에 널 담았는지
여전히 똑같은 너와 내겐 의미도 없는 일"
53,53,Buried,아이안즈,"차마 눈을 바라볼 수 없었지
마음을 들킬까 봐 두려웠어
너를 향해 기울어진
초라한 마음을
생각만으로도 이렇게 떨리는데
어떻게 너를 향해
웃을 수 있겠어
혼자 눈물 훔치는 게 더 편한
애달픈 나라서

떠나지 마 나를 한마디가
가슴속에 머무는 오늘은

서글픈 표정으로 돌아섰지
흐르는 눈물 보일 수 없었어
너에게 나는 나에게 너처럼
소중했을까

떠나지 마 나를 한마디가
가슴속에 머무는 오늘은
너를 향한 나의 아픈 마음
가슴속에 묻어야 하는 날

왜 누군가를 담는 건
이렇게 쉽게 되는데
나도 그의 마음에 담겨지는 건
그렇지가 않은지
단 하루만이라도
짧은 순간이라도
내 눈물의 의미를
니가 알게 된다면
조금은 우리 달라졌을까"
54,54,앞으로 똑똑히 새겨들어 독도는 한국땅,이스트코스트,"이제 더 참을 수 없어
적당히해야지
이제 더 들을 수 없어
내것은 지켜야하지

내것인데
왜 내것인지
설명을 해야하냐고

그 누가 아무리 자기땅이라 우겨도
독도는 우리땅
그 누가 아무리 자기땅이라 우겨도
독도는 우리땅

독도리 독섬
독도는 한국땅
독도는 대한민국땅
독도리 독섬
독도는 한국땅
독도는 대한민국땅
대한민국의 아름다운 독도다


이제 더 참을 수 없어
적당히해야지
이제 더 들을 수 없어
내것은 지켜야하지

내것인데
왜 내것인지
설명을 해야하냐고

그 누가 아무리 자기땅이라 우겨도
독도는 우리땅
그 누가 아무리 자기땅이라 우겨도
독도는 우리땅

독도리 독섬
독도는 한국땅
독도는 대한민국땅
독도리 독섬
독도는 한국땅
독도는 대한민국땅
대한민국의 아름다운 독도다

앞으로 똑똑히 새겨들어
나부터 독도를 새기며 지켜내자
대한민국 독도가 우리 땅임을
공식적으로 선포한다
앞으로 대한민국의 섬으로 영원할 것이다


독도리 독섬
독도는 한국땅
독도는 대한민국땅
독도리 독섬
독도는 한국땅
독도는 대한민국땅

독도리 독섬
독도는 한국땅
독도는 대한민국땅
독도리 독섬
독도는 한국땅
독도는 대한민국땅

독도리 독섬
독도는 한국땅
독도는 대한민국땅
독도리 독섬
독도는 한국땅
독도는 대한민국땅
대한민국의 아름다운 독도다"
55,55,Fake Happy,Seori,"I read an old diary,
That I had less, it seemed happier than now
I read the people’s faces
And I feel wasted
All feels like lies
Everybody laughing,
looking charming
Showing off on the feeds

Why do I run hard for something?

Oh-
또 새벽이 찾아 올 때면
Oh-

Why do I feel fake happy?
Always thought I’ve been dreaming
It’s like I know I lost innocence
How funny,
a life full of nonsense

Why do I feel like fading?
Like crumpled notebook pages
I’m constantly running for something
but I fear what awaits me is fake happy

화면 속 내 모습이
어색해 보이지
마치 내가 아닌 듯이

So it’s like a dummy,
filled with images that people would love me

I don't even know the feeling of love
I spent a lot of time on what can’t be touched
What I’m holding on, it's just too hard to let go

Oh-
또 새벽이 밝아 올 때면
Oh-

Why do I feel fake happy?
Always thought I’ve been dreaming
It’s like I know I lost innocence
How funny,
A life full of nonsense

Why do I feel like fading?
Like crumpled notebook pages
I’m constantly running for something
but I fear what awaits me is fake happiness

Why do I feel fake happy?
Why did I run for something?
Why do I feel fake happy?
Why do I feel like fading?
Always thought I’ve been dreaming
Why do I feel like fading?

Why do I feel fake happy?
Always thought I’ve been dreaming
It’s like I know I lost innocence
How funny,
a life full of nonsense

Why do I feel like fading?
Like crumpled notebook pages
I’m constantly running for something
Could it have already been close to me?"
56,56,Eternal Bloom (Korean Version),마치 (MRCH),"숨이 멎어버린 거친 사막 같은 곳이
꽃을 피워내지 못 한대도
내일을 향해 일어설 수 있게
네 손 놓치지 않을게

스며드는 어둠이
바로 내 앞을 덮어버린대도
희망의 빛을 향해 나아가려고 했어
빛은 눈을 멀게 한다고
낭만에 배부른 소리라 해도
Gotta go fight my way out
나의 길을 따라 가기를

일어서야 해
소중히 지켜온 나의 빛이여
그 빛 속에서 마주친 자신을 봐
시간이 흘러서
약해지는 불씨에 흔들린대도
빛을 찾아 나선 길 위엔

숨이 멎어버린 거친 사막 같은 곳이
꽃을 피워내지 못 대도
내일을 향해 일어설 수 있게
네 손 놓지 않을 거야

포기하고 싶던 순간이
없었다면 그건 거짓말이야
스쳐간 시간을 붙잡아
너도 손 놓지 않기를 바랄게

Oh 소중히 지켜온 나의 빛이여
그 빛 속에서 마주친 자신을 봐
시간이 흘러서
약해지는 불씨에 흔들린대도
빛을 찾아 나선 길 위엔

숨이 멎어버린 거친 사막 같은 곳이
꽃을 피워내지 못한 대도
내일을 향해 일어설 수 있게
네 손 놓지 않을 거야

깊어져가는 어두움에 빛이 닿을 수 있게
아무 것도 아닌 내가 조금씩 바꿔나가
One by One

거친 사막 같은 곳이
꽃을 피워내지 못한 대도
내일을 향해 일어설 수 있게
네 손 놓지 않을 거야

포기하고 싶던 순간이
없었다면 그건 거짓말이야
스쳐간 시간을 붙잡아
너도 손 놓지 않기를 바랄게

새벽녘 달빛 아래 마주한 너의 미소
밤하늘의 별들처럼 영원하기를"
57,57,FLASH!,수이 (xooi),"Just kind a sick of it
나를 어떻게 생각하는지
부정할 필요 없는 내 모습
무모함이라 불려도 좋아

더 솔직함이 필요해
하고 싶은 말이 많은데
언제나 mind control
이젠 신경 안 쓸래

Do you think I’m falling down
그저 자유롭고 싶을 뿐
Cause I have the universe
부서져도 부서지지 않아

I’m gonna make it
나를 믿어
별거 아닌 시선은
웃어넘기고

The sky’s the limit
소리쳐
하늘에 내 목소리
닿을 때까지

마치 flash I’m a flash
그래 flash I’m a flash



You know that I’m greedy
이게 나인걸 어떡해 (Just me ow!)
망설였던 그때 기억해
But it doesn’t really matter (doesn’t really matter)

Do you think I’m falling down
그저 자유롭고 싶을 뿐
I don’t need anything
이미 다 가졌는걸

I’m gonna make it
나를 믿어
별거 아닌 시선은
웃어넘기고

The sky’s the limit
소리쳐
하늘에 내 목소리
닿을 때까지

마치 flash I’m a flash
그래 flash I’m a flash

I wanna rock n roll
I wanna be a pop star
I want it more n more n more (more n more n more!)

I’m gonna make it
나를 믿어
별거 아닌 시선은
웃어넘기고

The sky’s the limit
소리쳐
하늘에 내 목소리
닿을 때까지

마치 flash I’m a flash
그래 flash I’m a flash"
58,58,Don't Go Back,시연 (드림캐쳐),"언제부터였던 걸까
멈춘 시계처럼
내 맘이 잠들어 버린 건
이제는 깨고 싶어

소리쳐 봐
세상이 하는 말이 전부가 아니라고
안될 거라 날 가로막는 얘긴 떨쳐버려

난 두 번 다시 Don’t go back
I wanna be free
잃었던 꿈이 새롭게 시작되리
내일이면 더 뜨겁게 떠오를 태양
날 비춰 줄 테니

Let’s go buddy together forever
망설였던 시간은 모두 잊고
시작이야 이제부터 너와 나
우리는 끝까지 간다

사랑이 아픔이 되고
모든 게 두려울 때
가끔은 울고 싶어질 때
혼자라고 느낄 때
기억해 봐 세상이 얼어버린 내 맘을 외면할 때
잘될 거라 어깨를 내어주던 네가 있어

난 두 번 다시
Don’t go back
I wanna be free
잃었던 꿈이 새롭게 시작되리
내일이면 더 뜨겁게 떠오를 태양
날 비춰 줄 테니

Let’s go buddy together forever
망설였던 시간은 모두 잊고
시작이야 이제부터 너와 나
우리는 끝까지 간다

슬퍼하고도 반
모두 잠드는 이 midnight
널 묶어 놓지 마
느린 걸음이 서러워도
우릴 비춰 느껴져 fly
너와 나 바라던 내일이 와
모든 게 우릴 위한 story
가득 찬 꿈 I truly wanna go high

난 두 번 다시 Don’t go back
I wanna be free
잃었던 꿈이 새롭게 시작되리
내일이면 더 뜨겁게 떠오를 태양
날 비춰 줄 테니

Let’s go buddy together forever
망설였던 시간은 모두 잊고
시작이야 이제부터 너와 나
우리는 끝까지 간다"
59,59,Higher,Ava Grace,"Take me higher
Through the fire
We will make it through the nightmare

Make it louder
Break the silence
May the light shines upon us forever

You and I
You and I
You and I

Baby never let it go (oh no)
Do not fear the dark below
I just want to let you know
In the darkness hope will grow

Remember all the days we fight together
And the songs we sang together
Only thing we got was hope in ourselfs
Just promise me we will go through whatever
Even it does not get better
Just hold my hand

Take me higher
Through the fire
We will make it through the nightmare

Make it louder
Break the silence
May the light shines upon us forever

You and I
You and I
You and I"
60,60,반딧불이,플레이버 드림,"아직 지워지지 않는 미련 그 깊숙하게 잠겨 버린 후회
누구도 기억해주지 않는 내 머리위로 이젠 사라져 버린
작은 별빛들과 함께 떠나가 버린 더 이상 빛을 낼 수 없는 반디

따듯하게 미소 짓는 그 웃음 속에 담겨 있는 진실
아무것도 모른척 웃어봐도 내 마음 깊은 곳에 다가오는
작은 구름들과 이젠 돌아오지 않는 더 이상 과거가 될 수 없는 추억

제발 아무런 말도 아직 하진 말아 줘 지금 내 손에 쥐고 있는 오래된 마법의 지도

편안하게 눈을 감고 어느 누군가를 떠올리는 순간
나를 웃음 짓게 만드는 기억 마치 영화 속에서 본 장면처럼
너의 두 눈 속에 밝게 비치고 있는 끝이 보이지 않는 저 넓은 바다

그리움이 가득한 채 내게 다가오는 뿌연 안개 속을
정신없이 헤매이고 있지만 어디에선가 나를 기다리는
너의 웃음 속에 가득 담겨져 있는 유리구슬처럼 반짝이는 별빛

제발 아무런 말도 아직 하진 말아 줘 지금 내 손에 쥐고 있는 오래된 마법의 지도
제발 아무런 말도 아직 하진 말아 줘 지금 내 손에 쥐고 있는 오래된 마법의 지도

수평선 끝에서 날 부르던 새들 차갑게 변해버린 노을에 기대어

제발 아무런 말도 아직 하진 말아 줘 지금 내 손에 쥐고 있는 오래된 마법의 지도
제발 아무런 말도 아직 하진 말아 줘 지금 내 손에 쥐고 있는 오래된 마법의 지도
아주 오래 전에 내가 꿈꿔오던 그곳"
61,61,봄바다,헤이데어,"사실 나도 잘 모르겠어 어딜 갈지
무작정 널 불러냈지만
TV에 나온 바다가 너무 예뻐서
그냥 무턱대고 떠난 거야 Alright

4월 바닷바람 아직 조금 차겠지만
가고 있어 봄바다로

부드런 파도 소리도 저 파란 하늘도
따스한 봄볕 속에 포근하게 다가와
난 말할까
(난 네게 말할까)
I wanna be with you
두 눈을 보면서

낯설은 동넬 천천히 너와 거닐어
별다른 말은 안 하지만
감추지 못 하는 내 마음 너도 알잖아
오늘만큼은 숨기긴 싫어 Oh no

느린 걸음걸이 조금 답답하겠지만
가고 있어 너에게로

스치는 파도 소리도 저 바다 내음도
따스한 봄볕 속에 포근하게 묻어 와
고백할까
(나 고백할까 wanna be with you)
I just wanna be with you
들키고 싶은 내 맘 전할까

파란 바다
바라보는 너의 두 눈에
입 맞추고 싶어
숨이 막힐 듯
두근대는 가슴
어떻게 하나

투명한 니 목소리도 뽀얀 니 미소도
열어둔 내 맘속에 하나 가득 담고서
고백할래
(나 고백할래 너를 사랑해)
I just want to say I love you
널 너무 사랑해

I just wanna be with you
To say that I love you
I've been waiting for this moment for so long
For all my life"
62,62,0's song,Zerosky,"지금이나 꼬마일때부터 나의 삶 속에 당신
끝없이 말을 망설였지만
큰 고마움에 이렇게 앞에 있네요

아직까지 혼란스런 세상, 현실
속에서 벗어나 고픈 나의 친구들
세상의 쓰라림을 녹일 수 있는 존재가 되주고픈
서로의 맘을 담은 이 노래
나 이제 말해요 네게 정말 고마웠어요 나 진심으로
힘이 들었다면 내게 말해 줬으면 날 믿는 것 같아 좋아

어느새 나 어른이 됐 다는게 믿기지 않는 자신
그래도 너와 같이 있으면 아직 아이 같을 수 있음이 참 좋아요

아직까지 갑갑한 이 세상, 현실 벗어나 고픈 나의 친구들
시간의 짐을 녹일 수 있는 존재가 되주고픈
서로의 맘을 담은 이 노래

내 주위 모든 사람들 다 많이 다 행복해져요
그게 당신을 향한 내 마지막 바램
그럼 더 이상 누군가로 인한 상처받지 않을 나

새까만 저녁 희뿌연 새벽이 올때까지 (우리 죽는 날까지)
변함없길 그리고 모두 다 내 그대 전부 다 행복해"
63,63,너의 노래가 되어줄게,이효진,"Hook

너의 노래가 되어줄게
때로는 힘들고 지쳐 쓰러져도
다시 또 일어나 저 하늘위로
너의 노래가 되어줄게
눈부신 우리의 꿈을 위해
조금 더 힘을 내 용길내봐 그래
빛나는 너의 노래가 되어줄게

Verse 1

먼훗날 우리의 노래가 흘러나오는 이 곳에서
너의 꿈이 새로 깨어나는 이 순간
함께할 우리의 이야기 물들일 작은 이 노래가
세상을 밝혀줄 힘이 되길 바래
소중한 너의 기억속에서

Bridge

네 꿈을 향해 걸어가 빛나는 너를 기억해

Hook

너의 노래가 되어줄게
너의 꿈을 위해 부를게
때로는 힘들고 지쳐쓰러져도
다시 또 일어나 저 하늘위로
너의 노래가 되어줄게
눈부신 우리의 꿈을 위해
조금 더 힘을 내 용길내봐 그래
빛나는 너의 노래가 되어줄게

Verse 2

노래해 매일매일 힘을내봐 Day Day
움츠렸던 날개 펼쳐 날아봐 Mayday
빛이 되는 노래를 불러
너를 위한 노래를 불러

Bridge

네 꿈을 향해 걸어가 빛나는 너를 기억해

Hook

너의 노래가 되어줄게
너의 꿈을 위해 부를게
때로는 힘들고 지쳐쓰러져도
다시 또 일어나 저 하늘위로
너의 노래가 되어줄게
눈부신 우리의 꿈을 위해
조금 더 힘을 내 용길내봐 그래
빛나는 너의 노래가

너의 노래가 되어줄게
너의 꿈을 위해 부를게
때로는 힘들고 지쳐쓰러져도
다시 또 일어나 저 하늘위로
너의 노래가 되어줄게
눈부신 우리의 꿈을 위해
조금 더 힘을 내 용길내봐 그래
빛나는 너의 노래가 되어줄게"
64,64,못 죽는 기사와 비단 요람,LUCY,"숨을 쉬지 않는 땅
끝에 걸려있는

저 달빛이 만든 길을 따라
도대체

얼마나 멀리 지나왔는지
이 길은 끝없이 영원하단 걸

뭐가 됐든 상관없다는 듯
쇠들은 철커덕거려

다음이란 의미 없는 소리
살 위를 춤추는 벌

뭘 바라더라도 내려놓으란 듯이
날아드는 해가

나와
내 안에 끌어안은 반

영원함을 말한 이 손을
내게선 떼어놔야만 하는데

그만 가
나의 모습처럼 난
흑연과 강철의 괴물이니까

외로운 괴로운 발걸음은
넌 없어도 되니까
없어야 하니까

이젠 가
날 두고 떠나가
너는 빛을 담는 요람이니까

지켜준 건 내가 아닌 너야
내 사랑아 내 파도여
너는 너의 밤을 가렴

무너지는 폐허 위
타올랐을 열기 속을
지금까지 남아 있는 잔향 따라
무심히 걸어가

날 움직이게 해준 맘
변화를 약속하는 눈을
내게선 떼어놔야만 하니까

그만 가
나의 모습처럼 난
흑연과 강철의 괴물이니까

외로운 괴로운 발걸음은
넌 없어도 되니까
없어야 하니까

이젠 가
날 두고 떠나가
너는 빛을 담는 요람이니까

지켜준 건 내가 아닌 너야
내 사랑아 내 파도여

널 괴롭힐 거니까
망가질 테니까

너 없는 세상을 걸어가야 하나
느려지다 멈춘 다리
쓰러져 넘어가는 하늘

처음 올려다본 별 길은
되게 느렸구나

가지 마
나와 네 약속처럼
나는 죽지 않는 너일 테니까

외로운 괴로운 그날들에
우리 둘이었으니까

그래 나와 너의 모습들은 다
똑같은 강철의 요람이구나

바라온 건 너와 나 우리야
내 사랑아 내 파도여

다음이란 의미 없는 소리
살 위를 춤추는 벌

뭘 바라더라도 내려놓으란 듯이
날아드는 해가

나와
내 안에 끌어안은 반

영원함을 말하는 널
놓지 않아

녹이 슬어 무너져가는 나라도 괜찮으면
같은 밤을 걸어가자

이 길의 끝 따라"
65,65,첫사랑,406호 프로젝트,"난 아직도 믿어
네가 저번에 말했던
우리 반 안에서 좋아하는 사람이
한 명 있다고

멋쩍은 얼굴로
귀까지 빨개지는 널
보고 있다가 한 번은
눈이 마주친 것도 같은데

난 그날 이후로 잠도 못 이루고
혹시 내가 아닐까 아니면 누구일까
설레서 그런지 불안한 건지
가슴이 뛰는 소리가 너무 시끄러워

일부러 너의 등교 시간에 맞춰서
우연히 너와 마주친 척해볼까
조금만 더 알려줄래 너의 마음이
어느 쪽을 향하는지

난 그게 좋았어
교실 맨 뒷자리에서
너의 뒷모습을
마음껏 볼 수 있는 거

자리를 바꾸면
혹시나 너의 옆자리가 될까 봐
혼자 들떠있기도 했어

어느 날 가끔씩 네가 다치거나
왠지 고민 있는 표정 짓고 있으면
내가 더 아파서 내 친구들이
오늘 무슨 일 있냐고 묻기도 했어

쉬는 시간 슬쩍 너의 옆에 앉아서
아무렇지 않게 말을 걸어볼까
조금만 더 알려줄래 너의 마음이
어느 쪽을 향하는지

이런 게 전부 사랑이라면

집으로 가는 길을 조금 더 돌아서
같은 길까지만 걷자고 해볼까
나는 아직 모르겠어 너의 마음이
어느 쪽을 향하는지"
66,66,Blood and skin,찬민 (CHANMIN),"난 이 끝에서
믿었던 사랑도 잃어버렸어

검은 절망들도
내 마지막 순간에는
춤을 추게 해줘

너에게 바친 피와 살은
굶주린 악마들의
기쁨이 되고

썩은 살은 여기 버려줘
너무 아픈 사랑은
사랑이 아니었음을

너에게 바친 피와 살은
굶주린 악마들의
기쁨이 되고

썩은 살은 여기 버려줘
너무 아픈 사랑은
사랑이 아니었음을"
67,67,Waiting,향(HYANG),"i can do this all day

너가 날 두고 간 이곳에 남겨져있어

this is not a problem

찾아온 사람의 모습은 사뭇 너와 다른 걸 다른 걸

작은 손을 내밀고

너의 눈을 맞추며

너의 말들을 내게

속삭이네

이제는 돌아갈 수 없는
너와의 기억들에

하루 종일 나는

nothing nothing nothing nothing

nothing withoutyou

nothing withoutyou

withoutyou

withoutyou

withoutyou

ah ah ah ah ah ah

ah ah ah ah ah ah ah

ah ah ah ah ah ah

ah ah ah ah ah ah ah

nothing withoutyou

ah ah ah (withoutyou) ah ah ah (withoutyou)

ah ah ah ah ah ah ah

ah ah ah ah ah ah

ah ah ah ah ah ah ah"
68,68,Rush,Twosix,"시간은 나를 위헤 멈춰주지 않아
지긋지긋한 세상에 등을 돌리고

걷고 뛰어 서둘러
쉴 틈도 없어 여긴
Before is to late
보이지 않는 끝은 절망이 아냐

Rush Rush

이곳에 남은 빛은 밝아지지 않아
차갑기만한 세상에 등을 돌리고

걷고 뛰어 서둘러
쉴 틈도 없어 여긴
It is not too late yet
보이지 않는 끝은 절망이 아냐

Rush Rush

만약 우린 마지막 길이라도
까만 밤으로 뛰어들거야

만약 우릴 잊어 버린다 해도
하얀 빛으로 찾게 될 거야

Rush Rush"
69,69,Greedy Child,YIPPEE,"Take it easy oh little child
The sun is going to rise again
and So beauty oh greedy world
you will have it Everything tomorrow

Ah

Take it easy oh little child
The sun is going to rise again
and So beauty oh greedy world
you will have it Everything tomorrow

Ah

Oh lord please forgive me my tears
are too heavy for them shine
He keeps avoiding us
We are young that it is alright"
70,70,인간변태사마귀(Remix),사차원정 (4Dwonjung),"인간, 사마귀, 변벼변 태, 우우, 아아아
인에에엔 인에엔 인에엔 인이엔 인이엔
인간 사마귀 변태 우우 아아
엥엥엥엥엥엥엥엥엥엥엥엥
널 잠식할거야
엥엥엥엥엥엥엥엥엥엥엥엥
인간 변태 사마귀 변태 인간
인간 사마귀 변태 변태
너의 손 위에 작게 기생하는 사마귀
널 잠식할거야 변태
인간 사마귀 변태
인간 인간 인간 인간 인간 인간 인간 인간 인간
인간"
71,71,새벽공기,같은장르,"새벽공기가 내 숨으로
그 새벽냄새가 내 속으로
그렇게 너를 보낸 그 마음에
떨림 안에 그 새벽녘
새벽 두시
몽롱한 이 빗속에
내 눈은 깜빡 또 다시
깜빡
깜빡
너를 또 노을빛에
빨갛게 점점 타 들어가네
너를 또 노을빛에
빨갛게 점점 타 들어가네"
72,72,Make It Louder (W's version),송희태,"좋은 일보다는 옳은 일을 하겠다고
더 힘들어도 포기하지 않겠다고
힘 있는 자 편에 서서
힘 없는 자의 눈을 가리지 않겠다고
처음 그 마음 잊지 않겠다고
make it louder

make it louder make it louder
make it louder make it louder
더 크게 소리쳐
I’m the one. Real watchdog


세상을 위한 이야기를 하겠다고
치우치지 않고 보고 말하겠다고
힘 없는 자 편에 서서
힘 있는 자에게 꼭 할 말은 하겠다고
지금 이 마음 잊지 않겠다고
make it louder

make it louder make it louder
make it louder make it louder
더 크게 소리쳐
I’m the one. Real watchdog

바른 질문을 고민하고
질문으로 세상에 답하리.

make it louder make it louder
make it louder make it louder
더 크게 소리쳐
I’m the one. Real watchdog"
73,73,Maze,Kyly,"차오른 눈물을 숨기려 올려다 본 하늘엔
끝없이 펼쳐진 저 아름다운 은하수가 있어
다시 한번 힘을 내 한 번 더 마주한 미로 속
고개를 돌리면 우리가 있어

어느샌가 또 주위를 둘러싼
나아 갈 수 없을 것 같은 벽들
언젠가 비칠 빛을 향해서
조금 느리고 돌아간다 해도

돌이켜 보면 우리가 우리가 아니었다면
이렇게 같이 웃을 일도 없었겠지

또 넘어지고 헤매고 반복되는 길
미로라고 해도
또 일어나고 털어내고
다시 걸을 준비가 됐어
어두워진 듯 무엇도 보이지 않는
미로라고 해도
맞잡은 손이 한 번 더
달려가자고 말해주는 듯해
저기 밝은 별이 우릴 비춰


어느샌가 또 하나씩 늘어난
넘을 수 없을 것 같은 문제
언젠가 보일 그 끝을 향해서
외롭지 않아 혼자가 아니야

뻔한 이야기 멋있는 결말은 아니래도
우리가 쓰는 우리만의 이야기

또 넘어지고 헤매고 반복되는 길
미로라고 해도
또 일어나고 털어내고
다시 걸을 준비가 됐어
어두워진 듯 무엇도 보이지 않는
미로라고 해도
맞잡은 손이 한 번 더
달려가자고 말해주는 듯해
저기 밝은 별이 우릴 비춰


또 넘어지고 헤매고 반복되는 길
미로라고 해도
또 일어나고 털어내고
다시 걸을 시간이 됐어
어두워진 듯 무엇도 보이지 않는
미로라고 해도
맞잡은 손이 한 번 더
달려가자고 말해주는 듯해
이 길의 끝이 저기 보여"
74,74,만년벚,베개씨,"온 종일 내 머릿속을 헤집고 다니는
이야기들을 꺼내 노래를 쓰는 저녁
벚꽃을 좋아하는 너 문득 떠올라
벚꽃 그리고 사랑으로 곡을 써달라던

벚꽃 잎이 흩날리는 어느 저녁
너의 그 한 마디가 자꾸만 떠올라
벚꽃은 지고 있지만 내 안의 너만은
지지 않고 피어있어 이 노래를 쓰게 만들어

너는 나의 만년벚
그냥 그렇게 피어 있어 줘요 내 곁에
세상의 모든 꽃이 지고 사라지더라도
너만은 그렇게 피어 있어요 내 곁에

벚꽃 잎이 흩날리는 어느 저녁
너의 그 한 마디가 자꾸만 떠올라
벚꽃은 지고 있지만 내 안의 너만은
지지 않고 피어있어 이 노래를 쓰게 만들어

너는 나의 만년벚
그냥 그렇게 피어 있어 줘요 내 곁에
세상의 모든 꽃이 지고 사라지더라도
너만은 그렇게 피어 있어요 내 곁에

너는 나의 만년벚
그렇게 피어 있어 줘요
세상의 모든 꽃이 지고 사라지더라도
너만은

너는 나의 만년벚
그냥 그렇게 피어 있어 줘요 내 곁에
세상의 모든 꽃이 지고 사라지더라도
너만은 그렇게 피어 있어요

너는 나의 만년벚
그렇게 피어 있어 줘요
세상의 모든 꽃이 지고 사라지더라도
너만은 그렇게 피어 있어요 내 안에"
75,75,공원의 향기 (feat. 애불),여환규밴드,"공원의 향기가 나를 지나치고
떠나는 네게 난 마지막이라고
바람이 불어 전하는 것 같아
마치 봄이 다가온 늦겨울처럼


시간이 지나도 변하지 않는 것은
우리가 지나온 계절같은 추억뿐
슬퍼하지 말아. 다 지나갈거야.
다시 사랑은 새싹잎처럼


매일 똑같은 날이 반복되겠지만
우린 이제 다른 삶을 살아가겠지
다 지나고 웃으며 다시 서롤 볼 수 있기를 눈물 흘리지 않길 기도해


많이 괴롭겠지 버티기 힘들어
다 놓아버리고 떠나고 싶겠지
하지만 말야 너무나 춥더라도
벚꽃은 다시 필거라니까


몇번의 계절이 지나간다해도
그때의 마음은 지금 여기 이곳에
슬퍼하지 말아. 다 지나갈거야.
다시 사랑은 새싹잎처럼


매일 똑같은 날이 반복되겠지만
우린 이제 다른 삶을 살아가겠지
다 지나고 웃으며 다시 서롤 볼 수 있기를 눈물 흘리지 않길 기도해


매일 똑같은 날이 반복되겠지만
우린 이제 다른 삶을 살아가겠지
다 지나고 웃으며 다시 서롤 볼 수 있기를 다시 사랑하기를
눈물 흘리지 않길 기도해"
76,76,True Colors,담담,"누군가에겐 반짝이는
화려하기만 한 야경이
사실 숨기고 싶은 어둠을
빛으로 덮어버린 거래

사랑과 행복 모든 것이
가득할 거라 믿었었던
작고 평범한 나의 세상은
거짓이 만들어낸 거래

모르고 있던 이곳의 진심에
나도 모르게 숨소릴 죽이네
모두 물 흐르듯 흘러가는 척
모르는 척 아니란척하겠지

이뤘을 때 본심을 보이더니
잃었을 때 본성을 드러내고
하나둘씩 그렇게 떠나더니
내게 남은 건 대체 무얼까

누구도 믿어서는 안된다고
알면서도 쉽게 기대버리고
나도 물 흐르듯 흘러가다가
상처받고 후회하고 살겠지

이뤘을 때 본심을 보이더니
잃었을 때 본성을 드러내고
하나둘씩 그렇게 떠나더니
내게 남은 건 대체 무얼까

뒤돌아보면 무슨 표정이
날 보고 있을까 혹시 아무도 없을까
두려움에 떠는 나

이뤘을 때 본심을 보이더니
잃었을 때 본성을 드러내고
하나둘씩 그렇게 떠나더니
내게 남은 건 도대체 무얼까"
77,77,Promise,TEAR,"I wish I promise that night
Wait for you till the midnight
처음 널 만난 날
(또 그때처럼)
I wish I promise that night
Wait for you till the midnight
처음 널 만난 날
또 그때처럼
아직 손끝에 감정은 여전해
손가락과 손가락이 맞닿을 때
원래 이런 건 관심 없는 나인데
너랑 했던 약속이라 아직도 있네
I don’t know
안될지도 이젠 모르겠는데
지나도 네 생각이 커져 가는 게
조금 힘들어볼래 난 더욱더
(아직도 너를 더)
I told that let you down
더는 anymore
물론 아니어서
지금의 넌 Close your door
너는 나를 잊었니? 전부 다를 잊었길
너가 모두 잊어도 난 너를 기억할 테니
근데 그건 알았길 모두 진심이었지
마지막에 걸던 새끼조차 진심이듯이
I wish I promise that night
Wait for you till the midnight
처음 널 만난 날
(또 그때처럼)
I wish I promise that night
Wait for you till the midnight
처음 널 만난 날
또 그때처럼
영원하잔 약속을 뒤로
안될걸 알면서도 했잖아
혼자 남은 손가락을 펴
눈물이 앞을 가려 like a blur
깨진 약속과 같이
나의 Broken heart
주인이 없어진
내 방에 그 옷들
I’m sorry 여전히 손엔 끊겠단 술
마지막 약속도 못 지킨 난
이젠 그만할 게 너가 싫다는 것도
더는 Tell you no fake 전엔 바보 같았어
사실 널 보낼 땐 맞아 잡고 싶었고
아직 그대론 데 거짓말을 했었어
사람들은 몰랐데 진짜 지운 내 마음속
널 잊어버린 척을 했어 더욱 더
함께 있던 추억 속 사진까지
내 기억에 하나둘 담아둘래
I wish I promise that night
Wait for you till the midnight
처음 널 만난 날
(또 그때처럼)
I wish I promise that night
Wait for you till the midnight
처음 널 만난 날
또 그때처럼
I wish I promise that night
Wait for you till the midnight
처음 널 만난 날
(또 그때처럼)
I wish I promise that night
Wait for you till the midnight
처음 널 만난 날
또 그때처럼"
78,78,Smile,O.A,"내 어린 시절 속 너와 나
철없던 모습의 우리둘이
이제와 우리의 모습이
희미해 번져가고 있어

you know why i know why
시간이 지나서
남겨놓은 흔적을 지우고
you know why i know why

I'm still so lonely

Don't wanna leave it at the sky
지금 이대로 날 한번 더 안아 날
at the sky
day and night, day and night 행복했었던 그대로

I'll give it a try
you make me smile
I'll give it a try, try

I'll give it a try
you make me smile
I'll give it a try, try


남겨진 흔적의 거리엔
지나온 모습의 우리 둘이

어제의 우리의 모습이
조금씩 피어 가고 있어

you know why i know why
지나간 계절에
너와의 추억을 비워내도
you know why i know why
but why am I lonely

Don't wanna leave it at the sky
지금 이대로 날 한번 더 안아 날
at the sky
day and night, day and night 행복했었던 그대로


저 하늘 높이 날아가는 너
희미해져버린 우리 둘
또 다시 내게 돌아와줄래

Don't wanna leave it at the sky
지금 이대로 날 한번 더 안아 날
at the sky
day and night, day and night day and night

Don't wanna leave it at the sky
지금 이대로 날 한번 더 안아 날
at the sky
day and night, day and night 행복했었던 그대로

I'll give it a try
you make me smile
I'll give it a try, try

I'll give it a try
you make me smile
I'll give it a try, try"
79,79,이럴 줄 몰랐네,정경일 원맨밴드,"감지 않고 나온 머리 대충 입고 나온 옷들
하필이면 얼굴은 보름달
나 괜찮았었는데 이런 모습 나 아닌데
하필이면 이런 식이야

날 좋다 울고 불며 떠나지 말아 달라
매달렸던 너였었는데
그런 니가 내 눈앞에 갑작스레 내 눈앞에
이런 모습 내가 아니야

관리 안 된 내 뱃살에 밀지 않은 턱수염들
머리에는 하얀 눈송이
나 괜찮았었는데 나 잘나갔었는데
하필이면 이런 식이야

수염 좀 깎고 나올 걸 진작에 살 좀 빼둘 걸
머리 좀 감고 나올 걸 운동 좀 할 걸

이럴 줄 몰랐었었네 여기서 볼 줄 몰랐네
이럴 줄 몰랐었었네 정말 몰랐네"
80,80,BB Lonely,ALBAS,"I wake up in the sun (met you in the sun)
It was a Saturday morning in the summertime
I was feeling kind of numb cuz I was up all night
It’s just my daily routine with a cup of caffeine
no sugar saltines, only chocolate dreams
I always feel like running out of time even though
all I do is planning to pretend

I’m a freaking mess
Can’t get out of my head
Don’t want no second guess
All I want is a chance to be
free with you (with you)
I just want to confess
It’s all up in my head
Don’t want no second guess
All I want is a chance to be
free with you

I can be your favorite thing
You can be my favorite Queen
We will never be be lonely
We will never be be lonely

I can be your favorite King (I will be your favorite King)
You can be my favorite thing
We will never be be lonely
We will never be be lonely

Oh, the busy breeze got me feeling high
Under the canopy, we can see the light
We at the apex, ooh, it feels alright
Anywhere’s fine with it by my side

Purple rain and a blurry sky
More mystery rides make me feel alive
You feel it swirling like a whirlpool
Oh, this high flawless now what should we do

I can be your favorite thing (favorite thing)
You can be my favorite Queen (favorite Queen)
We will never be be lonely (be be lonely)
We will never be be lonely (be be lonely)

I can be your favorite King (I will be your favorite King) (favorite King)
You can be my favorite thing (favorite thing)
We will never be be lonely (be be lonely)
We will never be be lonely (be be lo)"
81,81,이미 넌 알고 있어,그린던 (Green Dawn),"이미 넌 알고 있어
아무도 없다는 것을

이미 넌 알고 있어
별 볼일 없다는 것을

하나 둘 셋 모든 게 지나가면
한 줌의 기억만

하나 둘 셋 모두가 지나가면
한 잔의 술잔만

이미 넌 알고 있어
세상에
영원한 건 없음을

이미 넌 알고 있어
세상은
한쪽 면이 아님을

허공에 쏘는
허탈한 공을
헛되지 않게

나를 쫓아온
남의 시선에
날 두지 않게

하나 둘 셋 시간이 지나가면
한낮의 자국만

하나 둘 셋 세상이 지나가면
한 장의 사진만

이미 넌 알고 있어
사실은
아무것도 모름을

이미 난 알고 있어
너의 깊은 속내를"
82,82,시선의 도착,Yellingcat,"관심 없는듯한 태도 널 안 보는듯해도
알고 있어 보고 있어 너를 난
네가 날 바라봐도 네가 잠시 떠나도
알고 있어 보고 있어
모르는 거야 그런 널
난 처음부터 좋아했어
너의 눈 한결같았던 시선의 도착

내가 머물렀던 자린 항상 네가 있었던 걸 알아
괜히 너를 귀찮듯이 막 대해도
여전히 너는
전혀 미동 없이 나를 보고 웃어주었어
다른 곳을 보며 머쓱 거리는 건
그런 널 나도 좋아해서라고

여전한 너의 모습 날 보고 웃는 모습
알고 있어 보고 있어 너를 난
하지만 너 모르게 전혀 티 나지 않게
좋아했어 사랑했어
모르는 거야 사실 난
널 처음부터 좋아했어
나의 눈 한결같았던 시선의 도착

내가 머물렀던 자린 항상 네가 있었던 걸 알아
괜히 너를 귀찮듯이 막 대해도
여전히 너는
전혀 미동 없이 나를 보고 웃어주었어
다른 곳을 보며 머쓱 거리는 건

네가 머물렀던 자린 항상 내가 있었던 걸 알까
괜히 너를 귀찮듯이 막 대해도
사실 내 맘은
네가 미치도록 사랑스러웠다고
가끔 너를 빤히 보며 웃은 건
내가 널 많이 좋아해서라고"
83,83,모를 말들,아도레 (adore),"여름을 미워할
봄은 없다고
사람 마음도 그냥 계절처럼
지나가는 거라고

너 뭐라 하는 거야
갑자기 시를 쓰는 거야 왜
좋아했다는 건지 했었단 건지
할 수 있었는데 안 했다는 건지 예

우린 그저 쉬운 문제를 두고
괜히 답안지만 꾸며댔나 봐
그랬다가 시간만 다 흘러간 채로
정작 풀었어야 할 숙제는
집에다 전부 쌓아두고서

멍청해 만약 내게
솔직함을 마주한다면
전에 없던 용기를 만나면
말해줘 마음속 있는 모습 그대로
보여달라 말하고 싶지만

넌 그렇게
모를 말들만 남겨둔 채
나를 떠나가지만
시린 미소만 짓네

물이 들 때쯤에
넌 그렇게
또 모를 말들만 남겨둔 채
떠났네
넌 참 사랑 같은 사람이었어
내 자랑이 됐다고 말하네
모르겠어 울까 웃을까 나

가까운 말보단
차라리 긴 시간이
우릴 붙여주진 않을까

넌 그렇게
모를 말들만 남겨둔 채
나를 떠나가지만
시린 미소만 짓네

물이 들 때쯤에
넌 그렇게
또 모를 말들만 남겨둔 채
떠났네
넌 참 사랑 같은 사람이었어
내 자랑이 됐다고 말하네
모르겠어 울까 웃을까 나"
84,84,내 뒤엔 그대가 있어 (Feat. 김기웅),E℃ (이섭씨),"미안하다 네게 지난날 했었던
지킬 수 없었던 약속
지금 내가 먼저 잡은
네 작은 손만큼은
먼저 놓지 않을 거야
다짐에 다짐한다
내 뒤엔 그대가 있어
거친 들판에도 서있을 수 있어
내 안에 그대가 있어
숨마저 뜻대로 쉴 수 없는 세상이지만
널 품에 안으면
난 두렵지가 않아
험한 세상에서 널 위해 버티자
오늘도 했었던 다짐
실은 세상에 치이고
상처의 휘둘리며
어느새 지쳐가지만
세상에 지지 말자
내 뒤엔 그대가 있어
거친 들판에도 서있을 수 있어
내 안에 그대가 있어
숨마저 뜻대로 쉴 수 없는 세상이지만
널 품에 안으면
난 두렵지가 않아
내가 믿지도 않던 신에게
감사에 기도를 올렸던 날들
내 뒤엔 그대가 있어
거친 들판에도 서있을 수 있어
내 안에 그대가 있어
숨마저 뜻대로 쉴 수 없는 세상이지만
먼 훗날 내 곁에서
남아있을 네게
아픔도 어떤 후회도
주지 않을 거야
그럴 거야
세상에 외칠 거야
우리의 얘기를
과거로 두지는 않을 거야
널 품에 안으면
난 두렵지가 않아"
85,85,오렌지 게임,영칼로리,"상큼하고 달달한
속이 꽉 찬 오렌지
황금빛이 흘러넘치는
향긋하게 깊이 퍼지는
느낌 너무 좋아

추운 계절을 지나
강렬한 태양을 담아
입안에서 톡톡 터지는
과즙이 팡팡 퍼지는
느낌 너무 좋아

오렌지 새콤달콤 맛있는 오렌지
오렌지 탱글탱글 맛있는 오렌지
머릿속에 빙글빙글 계속 계속 맴돌아

오렌지 game

오렌지 오렌지 오렌지 오렌지
오렌지 오렌지 오렌지 오렌지
오렌지 오렌지 오렌지 오렌지
새콤달콤 맛있는 오렌지

오렌지 game


멀리서도 향긋한
오렌지색 찬란한
입안에서 톡톡 터지는
과즙이 팡팡 퍼지는
느낌 너무 좋아

오렌지 새콤달콤 맛있는 오렌지
오렌지 탱글탱글 맛있는 오렌지
머릿속에 빙글빙글 계속계속 맴돌아

황금빛 태양 주황빛으로 물들어
한입 깨물면 흘러넘치는 달콤한 미소

오렌지 새콤달콤 맛있는 오렌지
오렌지 탱글탱글 맛있는 오렌지
머릿속에 빙글빙글 계속계속 맴돌아

오렌지 game

오렌지 오렌지 오렌지 오렌지
오렌지 오렌지 오렌지 오렌지
오렌지 오렌지 오렌지 오렌지
새콤달콤 맛있는 오렌지

오렌지 game"
86,86,퍼즐 (PUZZLE),21C BAND (21세기 밴드),"많은 날들을 나 홀로 아쉬워하고
긴 시간을 나 홀로 바라만 보는 거야
진정 필요로 함을 그대는 모르는지
멀리서 그대 이름만 부르면서 있잖아

많은 밤 들을 슬퍼하고 그대 생각에 눈물 짓고
사랑할 수 없는 까닭에 남 몰래 바라보다
사랑함으로 말없이 그대 이름만 부르다
멀리서 두 눈을 감네

긴 밤을 나 홀로 그대는 알고 있는지
이렇게 나만 그대를 기다리는지
알 수 없는 밤은 침묵으로 날 이끌고
기나긴 한숨에 남 몰래 잠드는 거야


많은 날들을 나 홀로 아쉬워하고
긴 시간을 나 홀로 바라만 보는 거야
진정 필요로 함을 그대는 모르는지
멀리서 그대 이름만 부르며 서 있잖아

많은 밤들을 슬퍼하고 그대 생각에 눈물 짓고
사랑할 수 없는 까닭에 남 몰래 바라만 보다
사랑함으로 말없이 그대 이름만 부르다
멀리서 두 눈을 감네

긴 밤을 나 홀로 그대는 알고 있는지
이렇게 나만 그대를 기다리는지
알 수 없는 밤은 침묵으로 날 이끌고
기나긴 한숨에 남 몰래 잠드는 거야


이렇게 나는 내 얘기를 하고 있지만
널 향한 내 이야기라는 걸 그대는 모를 거라는

알 수 없는 슬픔에 갑자기 목이 메이고
어느새 넌 내게 안기어 울고 있잖아-

라라라 라라 라라 라랄라
라라 라랄 랄랄라 라라 랄라 라라…."
87,87,코발트블루,Moody,"Where are you now?
어딘가 낯선듯한 기분
Why don't you look at me now?
이끌리는 시선대로 가보는 거야
불어오는 바람은 blue
이름 모를 이곳에 담겨진 것들을
베어 문 듯 고이 품고
그 곳에서 만나자

어디선가 들려오는 소리를 찾아 헤매던
지샌 하늘 위로 지금 fly fly away
깊어지는 마음 위로 어떤 소리가 들리니?
또 다시 불어오는

바람 속에 너를 품에 안고
깨지 않은 꿈을 고이 접어
저 높이 피어나는 새벽 별
이젠 너에게 전해지길
깊어지는 마음을 뒤로 하고
깨지 않은 꿈을 고이 접어
저 높이 파래지는 계절아
너와 나의 코발트블루

어떤 감정의 색이 보이는 거야?
널 보는 내 눈빛은 무슨 빛이야?
베어 문 듯 물들어진 마음이 umm
어디든지 가보자

어디선가 들려오는 소리를 찾아 헤매던
지샌 하늘 위로 지금 fly fly away
깊어지는 마음 위로 어떤 소리가 들리니?
또 다시 불어오는

바람 속에 너를 품에 안고
깨지 않은 꿈을 고이 접어
저 높이 피어나는 새벽 별
이젠 너에게 전해지길
깊어지는 마음을 뒤로 하고
깨지 않은 꿈을 고이 접어
저 높이 파래지는 계절아
너와 나의 코발트블루

지쳐버린 날들 속에 그 끝엔 네가 있으니
안녕 지나온 계절 아래 run higher

깊은 밤은 우릴 품고
깨지 않은 꿈을 고이 접어
저 높이 피어나는 새벽 별
이젠 너에게 전해지길
깊어지는 마음을 뒤로하고
깨지 않은 꿈을 고이 접어
저 높이 파래지는 계절아
너와 나의 코발트블루"
88,88,Not Guilty,zipma,"On ashen lands where teardrops fell,
Stand powerful few, who stories tell,
Hear the cry, don't let quell,
Echoes of children, through depth of hell.

Mother's arms bereft of her heavenly seed,
Innocence crucified by armies creed,
The old watch as memories bleed,
Wars, only leave us with hearts that grieve.

Rise, oh voice, from the rubble and the smoke,
Speak for the silent, of the pain invoke,
Be the light, against tyranny be the cloak,
This grave concern, let's share till the end of yoke.

Faces of despair, etched on elder's guise,
Desolate homes, as freedom's price.
Courage cupped in children's eyes,
From the ashes, a new Phoenix must rise.

Sing, oh voice, with a powerful plea,
Stand for the oppressed, set the captives free.
Be the love, in this world of decree,
This grave concern, echoes in you and me.

On the battleground, where life ain't a choice,
Barefoot on shards, rise and voice.
For the women, the aged, child's warm rejoice,
Break the chains, together we make some noise.

Cry, oh voice, let the heavens hear,
In the face of injustice, let's stand clear.
Be the strength, wipe off every tear,
This grave concern, let's shoulder with no fear.

In the memory of departed fond,
May peace prevail, be the sacred bond.
Till the last breath, to freedom, we correspond,
This grave concern, of which we're commonly fond."
89,89,함께 새로운 세상을 꿈꾸며,zipma,"처음부터 우린 함께였어
힘으로 견뎌온 그 시련들
은근히 스며든 공허한 세상
동정하지 않고 이길 때가 왔어

사회의 그늘 아래 뉴클리어
억압과 차별 가득한 세계
마음을 풀어보면 감춰져 있는
역사의 아픔이 여기에 번져있어

두려움을 헤쳐나가고
대립과 폭력에 맞설 때
희망을 향해 달려가는
너와 내가 있으면 모든 게 다 가능해

바꿀 수 없는 나의 색깔, 형태
모든 건 다름 아니라 완성
공평과 정의를 향해 피어나는
청춘이 그려내는 향기로운 라떼
구독과 좋아요는 필수
향기로운 세상

꿈을 안고 함께 걷는 길에서
한 걸음 한 걸음 나아갈 때
우리가 만들어갈 앞으로의
같은 꿈에 흔들림 없이 앞으로 가

누구나 달라도 OK
차이가 있는 게 매력이야
함께 손을 잡고 우리가
잃어버린 가치를 찾아갈 테니

힘차게, 당당하게 일어서
끝없는 불평등과 부당함에 맞서
우리의 목소리, 흔들림 없이
끝까지, 함께 새로운 세상을 꿈꾸어

저 달빛이 비추는 어둠 속에도
끝없이 피어나는 빛의 소리가
여기, 우리의 희망을 노래할게
가끔씩 힘들어도 우리 함께 하니까

우리 다 함께 목소리를 높여
부조리에 대항해 세상을 향해 외쳐
우린 함께 하나 되어
같이 사는 세상 만들어 가요

기회가 따로 없다는 세상에서
모두가 똑같은 꿈을 이루길 희망해
서로의 손을 꼭 잡고 나아갈 때
부조리애 맞설 수 있어"
90,90,부둣가,Hazy Dawn,"새벽녘 부둣가 늘어지는 밤을 붙잡고 있는
소년의 눈동자 그 안에 비친 파란 파도
부서지는 저 흰 거품처럼 사라진 인어공주의
이야기는 현실이 아닌 걸 깨달았을 때쯤

발목을 적시며 인사를 건네는 널 봤어
사라져가는 저 별빛을 담으며 일렁거리는
붉게 물들여지는 그 끝을 함께 가보자고
한 번, 그다음부턴 자유가 될 거야

파도에 휩쓸려 그렇게 이야긴 시작된 거야
행방불명이라는 말은 말아줘 이건 여행이니까
부둣가에 소년은 그렇게 어른이 되는
길을 떠났어 푸른 파도와 함께

Go by Good bye
It's not missing, Beginning of our journey

멀어진 부둣가 늘어지는 맘을 붙들고 있는
소년의 가슴속 무한히 펼쳐진 푸른빛
무너지는 저 모래성처럼 영원한 건 없다는 듯이
미래는 지금도 수없이 바뀌고 있다고

손등을 간질여 장난을 치는 듯 한 너는
물들여가는 저 햇빛을 비추며 일렁거리는
밝게 빛나고 있는 저 위로 날아가보자고
두 번, 자 이제부턴 무서울 게 없어

저 파도에 휩쓸려 그렇게 이야긴 시작된 거야
행방불명이라는 말은 말아줘 이건 여행이니까
부둣가에 소년은 그렇게 어른이 되는
길을 떠났어 푸른 파도와 함께

낯설고 두려운 것들로 빼곡히 채워질 거야
하얀 내 피부엔 상처가 화려히 수 놓이겠지

사라진 게 아냐 있었단 건 변하지 않아
잠시 떠나갈 뿐 푸른 파도에 내 몸을 맡긴 채

파도에 휩쓸려 그렇게
행방불명이란 말은 말아 이건 그저 그런
부둣가의 소년이 그렇게 어른이 되는
길을 떠나는 여행 이야기니까

찬란한 이야기는 시작돼 결말은 비밀이야
날 향해 사라졌다 말해도 난 여기 숨 쉬는 걸
부둣가에 소년은 그렇게 저 넓은 세상으로
떠났어 푸른 파도와 함께

Go by Good bye
It's not missing, Beginning of our journey
Go by Good bye
It's not missing, Beginning of our journey"
91,91,이로치,가윌 (Gawill),"기억하고 싶지 않은 날이 떠오를 때
너는 너만의 색깔이 없는 것 같다고
라는 말이 내 안에 깊게 박힌 후에
닥치는 대로 이 몸뚱아리에 퍼부어 난

누구보다 먼저
저 별이 됐던 너는
알게 됐다면 알려주지 않겠어?

색이 다른 사람 너머에
다양한 모습 속에서 빛을 볼 때도
여전히 홀로
반복되는 색칠 쌓여가는 덧칠
탁해진 물감 지워서
될 거야 색 다른 빛

개성 있단 건 뭘까
나다운 게 대체 뭐야
너 같은 성격으로는
절대로 할 수 없다던 그 말
부정해왔지 헛소리야 역시
그럴듯했던 스케치
떨리는 손끝 실수는 없이
시뻘겋게 칠해

누구보다 먼저
저 별이 됐던 너는
알게 됐다면 알려주지 않겠어?

색이 다른 사람 너머에
다양한 모습 속에서 빛을 볼 때도
여전히 홀로
반복되는 색칠 쌓여가는 덧칠
탁해진 물감 지워서
될 거야 색 다른 빛

누구보다 먼저
저 별이 됐던 너는
알게 됐다면 알려주지 않겠어?

죽기 전에 넌
평생 패배자로 살 수밖에 없을까
하며 내게 한탄했었지
이젠 똑같이 난

너처럼 지워지고파
아 그래도 죽는 건 무서워
oh
이로치가 아녀도 좋아
어떤 색이든 나를 채우길 바라
oh

요즘 그게 유행인가 봐
고개 숙이고 낙담하고 슬퍼하는 게
끝에는 자살
어릴 적 우리가 상상했던 모습
많이 다르겠지만
나 사실 유행은 안 타"
92,92,Welcome to the Show,DAY6 (데이식스),"이젠 혼자가 아닐 무대
너무나 감격스러워
끝없는 가능성 중에
날 골라줘서 고마워

나와 맞이하는 미래가
위태로울지도 몰라
하지만 눈물 가득한
감동이 있을지도 몰라

그래도
내 손
놓지 않겠다면
If so
Then let's go
Welcome to the show

Oh

이것만큼은 맹세할게
내 전부를 다 바칠게
네 눈빛 흔들리지 않게
널 바라보며 서 있을게

알아 너의 결정이
쉽지 않았을 거야
후회 없게 하는 건
이제 나의 몫이야

끝까지
같이
함께 가겠다면
If so
Then let's go
Welcome to the show

Oh

이것만큼은 맹세할게
내 전부를 다 바칠게
네 눈빛 흔들리지 않게
널 바라보며 서 있을게

막이 내릴 그날에도
그때도 네 손 꼭 잡은 채

너라서 행복했다고
서로가 말할 수 있도록

이것만큼은 맹세할게
내 전부를 다 바칠게
네 눈빛 흔들리지 않게
널 바라보며 서 있을게

Oh
Oh"
93,93,"How Time Flies (Feat. BIGONE, Dive)",도한세,"이제 난 떠날래 그냥 이렇게
내 발걸음이 닿는 대로
저 높은 하늘은 지붕이 되어
바위를 베개 삼은 채로

내 속을 한 번 들여다보면
아직도 불같이 타오르고
시간 지나 빛바랜 건 없어
눈 부신 청춘이여

더는 내가 나의 한계를
두지 않기로 했어
결국 정답을 찾을게
복잡한 미로에서

How Time Flies
I've gotta go now
기회를 잡아

How Time Flies
I've gotta go now
행복을 찾아

빠른 시간 뒤에 후회 없게
지금 당장 미련 없이 떠나 Wow
How Time Flies

How Time Flies

How Time Flies

멈추면 잡힐 것 같던
그 시간들 속에
영원할 줄만 알았던
도망자 같은 삶에

I've gotta go
그리웠던 평온함
내가 이제 널 망쳐 놓겠어

How Time Flies
I've gotta go now
기회를 잡아

How Time Flies
I've gotta go now
행복을 찾아

빠른 시간 뒤에 후회 없게
지금 당장 미련 없이 떠나 Wow
How Time Flies

욕심 하나 없다는 게
그게 지금 말이 돼
나의 곳을 향해서
그런 너의 꿈들을 향해서

I need more
나를 맑게 해줄 무엇들이
아니면 전부 다 치워
멀리 더 멀리

How Time Flies
I've gotta go now
기회를 잡아

How Time Flies
I've gotta go now
행복을 찾아

빠른 시간 뒤에 후회 없게
지금 당장 미련 없이 떠나 Wow
How Time Flies

How Time Flies"
